hour,day_of_week,traffic_score,parking_density,grid_capacity,existing_station_count,ev_registrations,demand_score
6,6,59.02639388856225,0.1375237748170154,397.84402458751407,7,2667,25.68868829778679
19,0,43.32467489716556,0.3408156997898466,478.1489129265565,8,1774,10.109950739429427
14,1,98.4351407402904,0.16482467534676204,399.42018619295817,2,2783,93.34799926649612
10,5,14.958064266756576,0.17058191155709002,325.1014709974911,5,3480,47.70461704961633
7,5,46.459859663581014,0.9481083201714422,435.7890060623784,9,839,25.784907798156404
20,4,68.04566263593253,0.44524611228478816,352.9608977095392,4,1645,46.95091417998733
6,5,39.55450838799687,0.7888022639053596,233.65357557166539,5,4664,73.37887287952772
18,2,97.46998518706899,0.6396055611776819,448.52889390879795,3,2359,95.57498056194122
22,6,72.18876279269351,0.6764263623383923,149.8552073529678,9,1235,29.34583333544911
10,3,65.69838575644931,0.13169343847203852,371.5885737089259,5,973,43.91283203569056
10,4,75.70592676112233,0.23418444681548567,446.70355472334063,6,4655,82.2688182441468
23,2,95.2648638038717,0.7867503351544369,379.0924338664833,8,2400,61.33057424678425
20,2,90.78186529846401,0.970766206474783,363.7739385742356,9,851,52.26698741713672
3,0,72.42853081264118,0.2626756425986517,388.68723233232623,6,953,22.978288007068205
7,5,74.9161639101283,0.27156876475103986,259.27486173528996,5,3832,51.015438673476865
23,1,14.592207403514546,0.47289713281090484,443.3768069706617,0,2383,52.58605150600951
2,1,10.279240449266569,0.9838403128554378,141.54641381124105,1,1429,62.2279138425712
21,4,57.09045018441643,0.26895894582647106,107.32388720015268,0,577,45.86257904971994
20,6,1.836763694054,0.4069719096342639,178.4789510533302,8,2826,6.510948456324314
1,1,48.23563815515916,0.8914800156235068,289.20982854874694,9,3191,46.21493316493515
23,3,21.03495799188686,0.0029210326213620075,279.7528079342021,9,4330,6.632300043888817
11,1,34.601656764483955,0.03976596498856955,419.26944095446396,8,4605,38.6518384352493
5,4,77.5804735792956,0.6040716770712192,232.05589538180783,6,1369,43.30822718736103
1,1,94.12375042323865,0.907380164712847,267.95499183117886,1,4281,99.59560213554437
20,3,7.24162721463415,0.23885666040192766,56.01545746672804,5,2703,14.95426308732777
0,0,53.42422059764451,0.469641774680709,234.3826563993226,3,1569,50.35769068735734
11,6,88.25334858196,0.4504653016578183,341.4984048276539,0,477,89.66608004569703
21,4,8.250853444042129,0.47297134609551017,56.97874878196648,0,1780,49.06346239718343
11,0,82.45140468968339,0.6225196957297452,176.39688433380968,4,341,58.66056083658629
16,0,35.78013509282714,0.46974376299068377,143.58036168022545,1,1019,59.77937387515587
9,0,32.209470221933536,0.4474681413224578,68.8934430093147,3,169,41.05393455973533
15,2,97.74663863147858,0.4742884204312605,265.6670404615419,0,4024,90.76863370324962
14,6,20.085908986229416,0.5908674412710415,131.77548195267042,3,2186,60.05827707229743
14,5,69.31939408226809,0.5370074883513584,384.38669283412105,5,2107,69.6909822043124
18,6,82.14407280098665,0.8541359976505043,431.5675476935068,9,900,57.31955859727457
11,2,4.118349527927167,0.049496853493666615,295.5133322011165,3,2879,37.95543337239879
22,5,67.03854583544123,0.8333170714730125,491.7683041345137,0,855,70.12713010144233
19,6,95.15499743553269,0.843924612611724,252.7153571617679,6,2095,68.90681785121511
2,0,12.421996672805935,0.28490802153096084,281.015694601212,1,1421,29.183748499303316
4,4,89.62213026850382,0.46285195501585064,495.1479892809876,8,2430,43.34245721531842
18,5,59.47766373769361,0.4385384885374355,154.19679618427196,2,209,60.042457810188644
6,3,61.6604581862474,0.2185098343541303,474.14567285460737,7,1116,13.692546802193135
20,3,61.29441748656059,0.39679684708631646,69.27689980360097,7,3965,46.97207450516924
8,1,29.883588633731385,0.044387772170854434,250.87410061843764,2,124,26.013418477410887
6,5,93.52018152994597,0.27782207278173443,81.50158045987959,3,2938,61.67921077758993
17,4,94.73504626310387,0.8166821754507181,378.15563431113935,1,837,98.64885840486356
3,2,62.53046602139478,0.28456230176289754,323.784021146008,3,279,21.75221413695426
13,0,78.34227259416147,0.8182066687482475,367.9854185604184,8,331,60.884364636458265
17,1,61.2257985881158,0.5315994646044309,218.51617998560764,1,2017,84.8728211628142
8,3,48.43984475740406,0.87986267736116,216.26687031412112,2,442,83.10878900215994
20,2,66.08201182992507,0.5747795542644152,70.39367553240257,3,4672,88.449262788633
1,2,55.300145259195844,0.029668223064739818,207.4752227883379,4,2723,26.405157948634173
19,0,59.74758626319301,0.6754202075470892,468.17978101792676,0,554,64.46557787763926
14,5,78.3832553418862,0.04485356802356866,220.65194173120204,6,4484,72.48457186337214
6,3,48.09038314489848,0.450597018983134,424.1154677998865,9,4725,43.62810024910353
11,4,4.075410609247276,0.929426694473114,429.04647713747033,6,2376,62.231645729060816
7,2,16.399948098949725,0.16520393933785016,217.95852037065524,8,695,0.0
14,0,43.860721648953835,0.3898723529415441,334.39490617828505,3,3974,81.89842243904548
2,4,72.48265598740583,0.7298603088484784,92.91722102287639,5,4630,87.97556878139699
13,5,59.32786483101788,0.8822585560948476,96.65536133042443,1,4597,97.10592092940745
16,3,65.02941858734539,0.6709430047425079,71.895948647771,3,2769,86.85243798866529
3,5,47.92789285762873,0.2581732541911692,311.45679201879926,1,2235,55.869672350525924
17,2,61.574202194224284,0.6746078529162162,241.73193993174365,9,4064,77.02067605342424
7,4,32.90174378146622,0.29672764110409,296.6145604989081,4,1665,21.908789040934067
3,4,47.01825926966651,0.7184292298187352,284.4829357287745,6,408,29.907051484593648
1,4,74.42790655949555,0.9540331275850406,207.59134599082861,0,442,74.4999256646853
5,2,87.18327789731212,0.7213934511062883,354.8630366705628,9,535,21.407628844687476
21,2,43.36553339563889,0.8628805029124124,391.3258464123758,9,276,23.670903941265173
9,5,4.366165770736119,0.002103843175883413,56.58271649495407,6,238,1.1477557013077047
3,1,16.167254414680265,0.7175721247315944,143.25903489599523,9,293,0.03699565502874794
21,5,2.08611392915381,0.8295875568652503,370.95614063750156,5,3357,52.04710943898882
17,3,65.32630192373301,0.04055873754468142,223.97907768522538,5,3335,72.63911594132578
11,0,33.23146253551089,0.8715977272882306,348.1177761237237,7,1042,56.63794780984251
1,4,54.24786357193675,0.25669422831004585,206.13319688055128,7,4720,41.506655512402965
9,1,49.32768467837996,0.6652921019780552,225.8398185483367,5,3979,79.38379701065311
3,0,8.15264895524267,0.8003548790234066,121.40549316035822,2,3213,70.68148235006448
13,1,40.32613611238318,0.6626645130593555,166.203958849772,4,3062,84.16415936907109
15,6,22.056112492232327,0.09228479207325724,322.43529087841426,1,4936,80.67198843830799
14,5,41.83997886676527,0.5963215188603683,244.92340009182487,4,1053,53.01767233522756
7,2,20.35782803422427,0.5495836567221436,398.4362073250678,8,1402,11.45874099921677
13,4,84.04524062769335,0.9003212680742715,433.66322972225424,9,3481,84.82743381107359
22,5,17.419333657825366,0.4042397296442092,293.74088819754195,0,2980,60.29362937544541
7,0,96.0780551486977,0.3210810970870501,391.22028142522663,9,2287,37.268561450193296
20,6,41.59073661469408,0.7498507644364663,188.10703093755652,4,4987,81.28146907355327
15,6,84.62452920190493,0.41267532608339663,236.73704693003518,5,645,61.59262879100893
12,6,62.876481820594506,0.646096175005063,370.74995429757394,6,2027,68.2996634763045
17,0,73.53502986657526,0.646450090124607,223.7953967676638,8,4252,86.71588251507038
14,0,76.77238880667802,0.8880390643601178,314.827220821545,5,104,64.60274192222309
20,0,50.48448818930178,0.5986924023190974,133.41775058713017,4,3581,67.09948792145009
23,0,54.33005233632884,0.5021536099619869,319.89709173672406,6,3353,46.99177949555754
12,6,51.3995867808725,0.138871326396517,437.6811682521021,0,1462,64.49656830224572
8,6,58.80583780900792,0.11573760667870536,440.88783792054153,4,1920,55.84502880579475
14,1,2.9394445756507293,0.1543215652830794,375.95498284829284,1,2763,52.96945714099602
12,5,39.551516984901525,0.17184848132709452,385.58902058425673,3,3038,55.288756328149425
0,4,60.618871356117154,0.6378770926636339,301.06735031781534,6,1373,43.00373363451649
6,2,59.77235652558643,0.7409812502745785,313.10064057462114,4,3426,77.22694885290208
8,6,79.29560946056316,0.5299915229264187,110.14276163473309,5,3759,100.0
23,2,65.50093388321085,0.829017732545491,249.7366347895855,1,3045,94.37109998506361
0,5,99.21333163406723,0.9912632267336332,252.84932774886371,2,3118,97.07262504387965
11,5,28.3854528608645,0.820012629119356,481.3240260504831,6,1231,58.518018728545485
7,2,35.915102966623145,0.6948823736759592,243.98908818048025,1,4863,92.10176950891926
23,6,38.38471518677963,0.5324926994371466,297.2041902062409,5,2736,44.739775995128056
10,2,46.581280702024856,0.4488530716747082,289.9631296755961,4,3129,67.7227857126676
18,1,83.59980637812095,0.08439238054454234,336.5427726699472,9,3119,43.23736751445843
16,3,23.579209395920987,0.39936874839469094,386.70477409935313,0,4477,94.32414466555512
7,6,77.60002070354295,0.9101346367821342,151.26884427689245,9,3259,63.49499674183951
2,6,40.53101830857434,0.8080226299065529,287.9259885942961,3,353,42.18910200660328
2,4,60.18553836620085,0.2160513650116872,421.6629682922137,1,428,35.59792924879118
0,0,63.25405332263061,0.46660778469721587,258.40162122688014,3,2691,55.92464847970387
4,3,37.28486371889345,0.8167232025585446,175.30589586810785,0,2930,79.25513261286464
9,5,51.26152052058052,0.06738455478552252,344.6190839103346,1,3144,73.86151680114054
6,6,41.3031174647697,0.3873925856686593,420.6953281096053,7,1520,19.17962715977727
8,2,6.913278618661945,0.8518412368739476,78.41313181732609,5,3501,68.8293508877604
6,3,43.71653888168265,0.40389786417012374,399.5557175332522,1,2992,53.45373352901693
8,4,9.739339255355217,0.07761464473144086,419.74156983279704,5,754,5.272757711731288
7,5,40.50207990803215,0.5425343685322515,257.68531741487305,9,859,6.276055417459447
11,0,59.291839983178185,0.8617424949182954,492.48754556831034,8,1898,71.55560861301359
1,0,57.941489934350074,0.5902855429531597,404.0187533182891,6,3071,52.637150282335405
0,4,66.26212790083204,0.2262791082142318,398.1481542030496,8,4611,40.082001327404264
15,4,9.526150795462629,0.38423962013738133,386.52735848543233,4,3526,59.02537247046942
22,2,65.21232455304379,0.4501233611819322,117.7736464482233,6,354,21.56101730406622
22,6,31.214805669644708,0.5792663538205268,147.75389890385486,6,3923,43.774203421619234
23,0,39.90459461371111,0.759351025752613,258.7955591589913,2,1976,56.814074708521545
4,5,85.79862539227058,0.0988736176406354,168.80195748175964,6,2857,31.09214352836353
2,3,0.9030404129550251,0.8896520330175663,236.8584375503182,0,2724,84.48307549060002
11,5,58.84126333406054,0.01230970301607559,449.8088494653143,8,4221,50.661897685796056
7,1,59.87139801001076,0.37005233467425525,420.9471013456712,9,3104,25.522595645040248
21,1,39.665977634356196,0.027420309972657653,333.517945315992,5,4616,43.938740666520026
2,4,23.702785710833616,0.39297422534529125,436.1541774129966,4,3834,44.629544113290684
0,2,23.46740382615511,0.5258125988733238,402.69757505776215,6,1344,24.49349345899688
2,1,88.37096696607526,0.5116813865815117,243.0432193284007,4,1108,52.41398840085296
4,0,44.20243737828575,0.16562834702826534,140.4793184224753,9,4414,21.80813605374108
14,5,33.08893629891719,0.6457405100956123,281.3904680042026,4,1610,65.02170175349234
13,5,44.877757383140306,0.04477845050466822,381.30299713784757,9,2059,16.46762334210796
2,4,66.93904014593613,0.7619068201324154,246.38881942831685,6,2608,62.94229592589185
0,6,14.57565682447517,0.9466444339935463,350.0473594027537,9,4858,57.82001954538793
4,6,44.94338352137377,0.3397688271511179,92.44734183096963,6,2782,33.81086863046004
22,3,58.7884371110387,0.5172393817143319,386.60213136713156,2,1089,54.270113370565795
13,4,94.85833548514337,0.3789102780588144,415.7211289518779,2,4384,100.0
6,3,25.252778207541926,0.006710390304059954,368.0770351012435,9,354,6.24395950274779
8,6,35.92507479162455,0.38587450289511593,485.2686143868645,2,4263,87.39198086282084
14,4,37.93585899224238,0.7917202592613465,421.9934258572882,5,4811,96.3173219854664
14,4,60.553815764488284,0.5959888421834818,456.39217754444223,5,4552,93.53729382495943
9,4,35.67320530400016,0.10125991461515893,470.1069875559416,2,355,26.60163137930577
12,6,53.35119252996956,0.847139489693785,410.6065963432139,2,1107,88.09016920944315
18,3,78.17903298450294,0.5310853448852428,353.4164789029246,7,1855,56.301266979771604
6,3,70.53855941122036,0.8417233617446761,52.57336161235518,7,2671,60.14932029147565
16,4,44.636864651258556,0.5802215187850294,259.62158895040614,6,4008,80.29756531426489
19,1,86.42161776741689,0.5596884448379399,307.0230343800624,9,3097,47.33644282988113
3,2,55.81402495938629,0.10525918519701238,186.81362260159983,3,2903,39.15712929095887
4,6,53.99058395022125,0.16735973313862795,193.1470011065624,3,3865,47.62681680649169
22,2,3.4187765939158177,0.9720252564965911,482.5217370695743,2,4479,90.78540712391994
6,2,98.66929803571615,0.22848674675477076,451.2698893412356,4,3483,61.5559472247606
12,3,12.297080852962672,0.9774521179903679,432.1305524757669,2,198,62.84205910596373
14,3,23.11309124276466,0.5319127065242634,232.70531076774978,7,296,14.842224724149728
10,1,5.169683724152696,0.13578904706393713,56.164347684011545,6,2629,25.048020603818436
3,2,64.00029668369137,0.09930220275369295,86.10001090507134,2,977,28.668754379353405
12,2,22.470117697267998,0.20886407070573998,190.48836569792164,8,1968,20.02054019903626
6,4,18.001043747272348,0.9256373300253358,57.08431084805464,4,2765,55.25912561538786
18,3,8.855558422324139,0.4141502243282268,57.71740186183915,8,1488,22.800638553016675
21,2,10.330895712401567,0.39543426799291437,462.4714857390849,6,2515,9.858018920375768
1,5,58.467070044258875,0.313206261070174,367.7713259535743,6,669,15.27625357130022
9,1,68.82078658665954,0.14706185056658838,189.0301955306687,5,2737,57.82884857869115
12,5,39.7378988464401,0.48785119719240644,109.69005992042892,1,1165,67.22658943172678
20,5,47.989708159207325,0.1300477825111387,280.2360730527847,8,521,0.7887743558013381
5,6,68.59677359829841,0.8354802363823276,52.40577238446401,5,2983,77.98607967974009
11,6,1.7379790185479638,0.3703969862753065,472.2861847361648,7,1304,23.878534446049763
11,1,32.31306570702785,0.37480356778179635,236.66680372502626,0,644,57.32736503033625
19,5,97.30977480703464,0.4740064284831559,231.05072985679973,4,4266,80.4450181712736
10,2,58.01122296954681,0.4441277131657516,225.76712341180198,0,3739,100.0
22,3,25.422457989749326,0.9948579730593216,81.19774867449414,9,1323,26.74068492514485
6,1,52.17300466362131,0.5453811212183025,337.245007906322,7,3272,52.18135648447455
0,4,34.26534881209153,0.08820170378987069,379.851628832759,7,867,0.0
0,5,53.22449888262991,0.60687734157693,354.25642891473063,0,3757,84.91361218873456
19,1,12.574151180664883,0.15158429286987996,112.29597199822743,8,754,0.7189687547633843
12,0,13.271465381927738,0.030937644731341973,310.47807561601667,1,2546,38.61337943315323
8,0,14.354236203939285,0.9707421536772481,306.26801787751424,8,320,35.14165859664671
2,6,93.98197919268418,0.7735388915345639,440.78485457362194,0,3766,98.35079711695826
6,3,73.28989183413418,0.9801089924137669,220.60744626904113,9,4377,78.19376795820543
5,2,16.23818946623209,0.47787844802224244,217.1686746467454,8,4502,30.42783770625396
7,3,18.834908376560143,0.5322575311489761,328.3371764231835,3,2669,41.4393375467331
8,3,73.08294748708764,0.16833695591913023,334.8826940747809,8,1113,34.564595244273576
4,3,15.616384479217393,0.24690742666758558,261.1783522966057,6,2151,10.034617852137977
0,3,23.456129333482867,0.8385492149028282,249.37671304868948,5,4085,71.48309839804935
18,4,96.3346832820399,0.35618564711759415,272.3664517870472,4,4999,97.29106299308269
9,4,25.530652472843187,0.826814973796419,437.47038477649033,8,4410,75.38075486685385
11,6,66.16323503711467,0.7090137242870318,257.52510556425955,1,3119,100.0
23,1,97.86312874005304,0.1771709252718655,472.9693063864201,1,3781,89.5515722977308
14,0,37.42967671397926,0.5074463661197421,276.8016936183467,8,1543,34.6860980907214
21,3,1.7515990862062236,0.6773873215187168,477.14031193140113,2,4296,66.69866124181644
23,6,24.414729042237425,0.2350372148038251,424.77435584108406,7,3110,23.108517495769917
8,1,83.08771913417054,0.8306885105200769,213.0940951771231,8,672,59.59045598724662
19,0,86.46088359550367,0.5448276575451868,438.6386395834772,7,1432,42.56888227382458
16,5,76.85193645237912,0.1652420504426032,99.52847789050185,3,4853,97.58767313517697
16,2,11.310981907657302,0.5829844261646024,466.2712289043565,0,4102,91.81440471279834
19,4,79.55103716964031,0.999713804155914,334.23958178730123,3,3234,100.0
11,5,91.86777969935042,0.15052149166341355,74.47583683504003,8,4186,74.86094001363591
6,0,60.06095425462361,0.8167569301195281,339.9155256428652,1,325,67.71881845201662
1,5,94.08753563380648,0.20730900318755796,488.41144436514026,2,4300,82.42512976132456
2,2,82.68388837118775,0.7823883294600873,81.41029457658301,9,2097,47.04136526231629
16,6,66.69715169909072,0.7345779231214132,299.60946940103884,7,871,54.096165429332764
4,0,57.718523671174815,0.30048938560043237,386.5074573917176,5,4624,54.41094913231251
16,5,34.85736672419705,0.3258231175644498,414.6163640147891,7,533,28.112222367729697
23,4,15.928744524280514,0.7925213919629192,236.22235939435814,6,3199,54.56492263470817
16,4,60.49539226905408,0.46144551188731264,141.87495162570934,4,2829,72.27486011428438
16,1,31.81115536181195,0.7308180287118088,69.05402544757273,8,3507,66.02379857070592
1,5,86.64386675276454,0.14798414736583476,310.87677069375115,3,3240,60.01338656192912
1,3,99.33369373586285,0.8525577819015535,253.80998162042485,5,965,72.9334438960432
21,5,75.24277626155725,0.7108847166823191,476.93497781736994,1,2893,91.48535233024562
22,6,9.048169528705074,0.9069428088348339,77.2722084717094,1,3011,73.96231444957198
4,0,28.86855955306381,0.13237237903497245,358.4279045507026,1,2515,35.607614761495746
0,0,10.910963176574972,0.5930145003605977,61.234799954025725,9,350,1.704339225629135
0,6,65.05116477917157,0.5991205850403252,127.14537951974422,6,3857,62.80558230887178
18,5,76.51908645557846,0.35346074054678245,254.11054996527537,1,4756,100.0
1,6,92.56748308807119,0.4584664245692578,254.6925992612907,1,1018,64.7504590663998
20,2,43.817234641198766,0.03798156328985347,358.56524432013975,8,1273,0.0
11,6,90.13756495884444,0.745860038627012,459.5958656904905,6,3303,91.51432404672929
5,4,87.78911590413276,0.549322479403174,337.5644715117144,2,532,60.47274659554831
22,6,31.71957167653986,0.057741051869173776,479.09079403317895,2,935,15.1377329709698
3,0,86.8900625540571,0.6807558929604856,446.7270379450989,6,2346,71.19092394697927
22,4,37.56722518817265,0.4667820772311879,313.0249079888556,4,2362,36.82426974494041
10,0,29.68692745602808,0.034461259425,425.2063779134723,9,997,3.1264909611649556
23,1,64.90746587943931,0.9696077268480954,339.15992464563533,5,3732,86.3501403540473
16,3,32.83812278850811,0.9491121430894405,85.35102391567722,7,4667,100.0
5,0,63.02087483291442,0.5129024161471976,383.2541254667795,8,3915,52.74833032583298
23,4,60.98318054986945,0.0936724207059102,92.70879857030579,0,346,34.16033616341871
4,1,56.34389273484588,0.7546212215985918,317.33725125637056,2,2529,75.15810599899885
19,0,38.04197042327977,0.49193110010572905,366.18809263620295,6,1090,17.19773790127026
1,2,54.849972165147676,0.3024474782893799,79.93742369488486,5,3410,47.71932674373272
5,6,59.64854749854216,0.49141817752855677,153.8575942669393,6,1026,21.778814830160893
21,3,54.56868884954734,0.5224441454054645,462.0525045177424,7,3538,41.6482623671673
10,0,44.441945275120155,0.5627116990223392,327.3415215048034,5,2707,73.0445552453125
15,1,1.466705704626381,0.44122371365532653,160.8287084647392,2,1174,35.57724726939655
15,2,58.706170770115094,0.6057553031390567,360.80589701660296,1,4122,98.40213220854581
0,5,16.844438514271964,0.9187347106063773,318.5493889827603,6,3899,56.41887847973286
8,1,64.25759689471896,0.36226808709859115,275.7090649630768,0,4884,97.98764653805168
5,6,75.9344327922866,0.7257164632199491,489.2841387446377,2,3251,90.09232278960883
15,1,50.04453091307415,0.8944525568242322,357.554199833379,3,3538,100.0
2,2,54.23636649797383,0.4559792757599369,218.9484993505607,0,4673,97.31167833585
19,1,95.14785596659911,0.4434558363819041,410.0330444345906,4,3591,71.54716810994074
3,2,84.71673613725741,0.6021169853547795,448.06248181453446,9,806,24.72273403950812
18,0,91.42365159514699,0.5914067594224881,106.34925178257413,2,3164,100.0
2,2,81.37662883195864,0.806589342326277,140.24884003036993,1,853,75.1600452194205
18,2,10.891834184673144,0.4764833837782927,147.30215410750088,2,687,40.63984888280437
19,3,14.899185597019471,0.9961229496394411,361.04531422394314,7,1434,31.52681790707265
6,2,52.662379726895956,0.05947156886728078,321.3677997739775,5,1947,17.28783075257577
19,2,24.606965879799823,0.0031678485807017376,328.5462041143647,6,4034,18.377491967012723
8,5,47.66954750411592,0.6401983115596238,473.34798486027546,5,4026,85.1658839636532
0,0,39.43653238183502,0.2984349123618767,399.1601897632877,5,3417,39.75922580219503
7,6,54.941423843045335,0.2403823886994838,107.57161603030244,2,4120,65.0536496607265
6,3,74.68757161358226,0.31189908000428046,206.37818709133145,7,3255,38.242550159290964
17,5,71.54909070992744,0.2560475651049543,245.92714077908101,6,4402,77.28866964499935
7,4,52.12341324853343,0.03079004966044785,228.1827149364222,6,2298,15.974102531839192
0,0,82.23934188170581,0.9715330423905887,351.1888741228456,5,264,61.595297224961385
10,0,43.08620915380333,0.22074548845278175,451.35189646545314,4,2098,40.679487815534635
17,4,89.67142898401224,0.7340297625893063,187.7231585852546,9,3157,79.9242809415276
22,6,7.12802700551639,0.7625963946941753,298.34471138953353,7,2184,17.893048957405234
9,2,95.46600300333074,0.9292573980072293,405.23423986111356,4,4528,99.12214552761709
2,5,65.46930814313482,0.030549457093379973,237.2981264804072,8,502,3.2896814637653793
6,1,38.00745089372053,0.8720483384470077,125.65315777968313,8,513,29.16429303785043
15,3,19.715412657287736,0.5272261808398002,263.7279343686867,0,144,57.35977442539013
15,1,47.91832294435999,0.6325441099658279,74.8501343343628,5,4257,91.74148835250034
19,4,19.4558323185301,0.6444702771210337,474.0725543010246,6,2567,34.18082197305143
16,0,16.633160774314216,0.8197978049847275,83.66954233773787,2,967,64.76731570933724
1,6,61.73517574129742,0.3334073221591105,247.30552186276017,6,118,26.00822721709313
0,0,52.30847245817847,0.7330511898599934,288.44656748983675,6,464,36.35175003559712
15,3,67.00960346109417,0.5285781097221971,493.38672452927847,1,3932,94.13508074267304
11,0,92.96058774219892,0.7933940143053477,124.70982063928734,6,679,64.97061620448201
4,0,53.226021333904015,0.9905460327701334,101.49418337556136,0,645,74.9423629267504
4,3,58.09320532627977,0.20065101740376123,53.91776617814461,4,4250,61.7291755322433
22,5,8.962633915494212,0.9946486415599979,120.00714659118604,8,4973,63.29118141434143
8,5,71.76357859086295,0.089812154282774,143.27284058045043,6,3139,43.46594003867746
8,3,39.99052068041562,0.002317547904813866,333.76142371239155,6,4237,47.595618551457406
2,6,97.67252386625789,0.04416193617783126,148.86805567613018,1,4144,77.70509860415196
18,4,82.31740155956602,0.3417824047367617,59.23436662819634,7,4426,67.19774396333709
15,0,52.24810405161183,0.6329063306784342,421.9782554761199,2,552,68.1853889148174
15,6,12.322265417216604,0.06902954088784963,214.51806545178505,7,4061,28.923543173322503
2,0,85.94157932805892,0.00566581452956727,209.16350896133028,2,1481,30.292190403760358
19,4,79.97810954240217,0.9370910284587948,186.11556312556695,9,1567,57.538333140727616
23,5,18.4585129537033,0.8219266359399297,488.9179747158894,6,2838,41.57172597455316
21,6,29.527828922031006,0.809183171139031,126.55193778917666,1,1316,57.093866448482544
23,2,79.34072581478372,0.8844242755019771,454.2071287789558,3,980,67.35458967067895
0,2,18.522844654740965,0.7000342727721044,399.5614994629496,5,3914,56.562045255123124
23,2,91.77524891713773,0.10440412974808144,84.41597997469088,8,3249,43.25185908953853
19,5,42.45274251963619,0.39910018807372305,494.0280956753819,4,184,12.795172060360972
10,5,8.703896258765864,0.7231494864646295,172.11468359255474,8,4244,60.54501525449484
16,4,81.57486435042809,0.2803344607915209,94.36231716008555,4,1268,59.93097817487928
7,0,37.35096830383876,0.6874063641362376,423.19140535659176,9,4264,42.606746792549856
3,4,52.6499194153781,0.02449844826765235,368.0039901549649,7,3229,17.96045815664083
5,4,11.230434441121917,0.3061373408795932,327.7484626450554,0,3745,60.22153985417622
7,5,0.2584014844982385,0.5491303362771727,120.19138866451992,6,2626,20.041352474125464
19,2,63.79852057932977,0.6320898295062423,265.32325231518286,3,2967,70.10068716339312
2,1,51.51751703337316,0.5770406644619108,401.2502120992462,4,3616,63.46227040184837
15,0,59.35385691231472,0.6977562760734295,186.6307721647281,5,3467,87.78032316292568
2,5,79.37438503805163,0.00608874823983907,190.26042283176866,4,2294,36.209950000328824
17,2,64.66059134228601,0.10094119997752149,51.413407721654956,0,3655,90.39410037632487
13,6,17.477344282737718,0.8689442522791451,128.4095307404208,8,545,45.57592183686403
17,1,36.07725191105998,0.6817486440901612,443.93253130482543,1,3726,86.70761784072894
1,1,90.58911047877604,0.1129316426860113,248.7859212369682,8,4116,42.20526962978378
21,5,76.9944700251679,0.8420744373985792,492.9055246554953,9,3975,60.82932951878516
2,3,55.663705793671724,0.2422312178245669,228.06858360820667,1,3437,61.820193205442514
15,0,25.56449978092723,0.4782598841952235,371.8339046511086,8,361,22.153130775602456
8,1,30.206050183479505,0.1451965128846603,176.8635693071281,5,1948,39.811208328336704
3,5,73.19580675856345,0.7101100564217067,213.71433851342007,8,4125,72.25739840860275
0,5,85.11742608527709,0.6668544210142678,135.82669441590258,5,2366,72.22615405907634
3,2,67.14246695306144,0.21111247116613618,206.17806582472775,5,191,13.45293498142924
0,6,80.95299757684418,0.8634007668570018,296.2568841892894,1,4322,100.0
13,3,76.6656135200406,0.4013060242197122,496.29779644066224,7,4275,86.46579559203106
20,0,14.970396795695773,0.2925150910707418,348.89077088230357,2,3409,45.39791554452295
15,4,42.3944812913302,0.15232958946453545,139.66067948374132,6,1082,31.280454997596667
19,6,15.298380082856266,0.26616801251553746,70.23264871619801,4,3543,35.06393775150227
23,6,23.52355848019848,0.022026921223816998,106.86041659152977,2,2633,33.89193203102464
7,2,86.92596246510526,0.5832574924561156,303.1498405728713,0,793,71.05494342203009
6,1,47.289196563318214,0.8422307463439479,394.3221479675448,7,4220,65.17961353405876
2,1,53.53581018426608,0.5489804494416418,473.1886432853361,2,255,35.813389394430445
16,2,17.844596522777213,0.21927396192387572,57.12042739856937,1,3688,69.11339153911642
0,5,31.2271786048796,0.03366917821387272,285.2420637028414,0,1912,33.716271324286986
15,1,23.024616842786994,0.21462807325880284,261.8903103004295,3,4214,62.35198709317517
11,3,20.61861645184264,0.4161214280710923,345.2247598890668,7,1507,27.872975689313378
18,0,63.796079331597014,0.7596114286997965,301.81048450940386,2,1316,84.02625662052479
21,6,25.68838476457148,0.1878428525377741,359.16761776211627,0,1510,29.38261880106476
22,6,63.201548602041846,0.7197914533546861,346.13716313713564,3,3597,87.41961541631896
21,3,5.845461410855391,0.8669334683518837,102.65527618607578,8,4472,56.46437599746527
13,1,14.177439352710186,0.45394684810835706,409.8730611284238,0,4940,100.0
5,6,27.45402540001254,0.8214319916425933,105.45465907234617,1,651,53.14243078902719
5,4,59.70469168956917,0.5546573480350956,364.3387813441117,8,3494,46.442830050623094
12,0,67.5841245087376,0.637090837080905,237.26541543827304,1,1276,81.33232487884355
18,0,44.27169667795271,0.5262784603382027,281.23283055946905,2,4834,100.0
21,6,44.579091457722896,0.46317271675134175,456.48410646906973,6,4432,56.15843095158435
7,2,72.45168513986181,0.23465344177584935,450.44767691306896,2,1097,55.90308312736559
1,6,1.582109176558244,0.30319405946104605,418.0353375447633,8,4176,22.988058453754313
20,2,34.10900244742206,0.289970118943609,279.5667712053455,5,2831,33.02833155900355
0,6,81.87070571192328,0.5632889309538147,381.3079145602249,2,4037,91.07468227749341
14,4,60.321941021337224,0.11995369302388992,280.80367498346425,8,4152,56.652993745115516
0,5,33.722713275542034,0.9167916907023351,441.32273711364985,0,472,59.46997649343097
4,0,90.55247923296739,0.7206551452831133,231.24912495480496,9,2348,56.43193801741278
15,6,77.26227274493826,0.40144563091319363,486.60590498669455,2,948,65.02147314244849
18,4,26.48954472367334,0.15862414452637796,469.5452412029949,0,2656,62.27940582971458
3,2,64.52898375257169,0.8819921697216359,383.7211787533035,1,2422,79.94030449008818
2,2,59.57507281889567,0.8237780901011652,175.7371478792324,7,603,39.119314747861985
16,0,40.11879140389827,0.7217215527171793,109.24411495696629,6,3289,76.27323932873422
16,3,36.695607920480064,0.27154704741124236,434.61655254193886,1,802,48.46818041492403
11,6,34.35604747757039,0.40244663743366893,124.38602876208257,1,3725,81.46905690783251
13,1,61.71557833956468,0.10274825245242336,434.4173550488011,8,414,20.85725509194738
20,2,44.24099364806695,0.18903952472753172,270.8442530205622,5,2476,26.24035400758752
5,5,83.1863113251422,0.7830166373167329,232.9505527136469,4,1140,59.98887952329064
2,5,66.96026161339618,0.7150387188506838,456.4358504754931,9,4478,71.9257054059828
8,2,6.993160570943413,0.5934857629759347,321.73294214312506,5,3090,55.086237781465535
4,3,64.01682238281661,0.8957267259261729,309.476303208373,8,357,39.656150606704216
23,3,27.11474365001848,0.5832665178130454,301.444675080979,6,674,10.994270530606801
16,4,59.28119916534227,0.4669679999636107,217.02628220878913,9,4769,67.97614851328257
13,5,68.01319311034514,0.3403707463057627,403.53939658810725,9,1652,38.25527068633813
20,4,23.08291891540121,0.9404485057361726,163.75929980709785,8,4618,62.14640810494898
2,5,45.68586448803686,0.0827154615243535,472.5027320185738,3,857,17.198933978997683
0,6,19.03248628190678,0.9308873720608084,452.29334227113236,1,2910,75.5631888856831
19,6,5.233887578650831,0.8267146599310183,201.86614655370417,7,1204,12.480307268513279
20,1,37.84764234858691,0.1299299245357013,378.2586964242487,3,4624,60.203435088043385
22,6,36.2944271845992,0.5649843576752536,307.95043750231616,8,3559,35.96784687073202
0,1,99.5480490704257,0.8665479817490869,201.94218589965556,3,4092,100.0
2,6,44.63523511976422,0.5718091636071537,494.83474159795105,7,303,17.984339686425006
17,0,33.35695494722004,0.9071998215606223,61.35680563171889,8,2875,68.9965640784761
9,6,58.047500671667464,0.9429838168160425,163.690713779579,8,2432,71.14523477477803
21,4,8.876739410776846,0.4223845221843059,284.03332750001766,9,2092,6.3887466832848965
2,2,96.16657359548132,0.3773136614063236,284.8788515653538,3,2343,68.33070838363305
7,4,63.49600455910331,0.9363211539691568,315.01988372550386,0,406,77.2683277738253
13,2,75.48378199408478,0.6751400611496681,388.25427741031365,2,1787,92.69843987304677
23,3,17.047793817391753,0.11602268134816929,330.5650237336834,8,4209,23.121563315650455
17,4,40.94778530052039,0.042291749222681196,320.12665723761666,3,1960,39.44339048507647
14,3,42.26891133961895,0.5646290509972631,74.08150831086948,4,2061,67.82529622754947
21,1,82.18064439010868,0.9301709654384246,219.43862950518425,6,822,54.957658569963804
22,1,0.12366797594094425,0.8442487024058184,154.4250828655202,4,879,21.37037327896728
1,0,30.085310835325508,0.6758477464643364,169.41655022088895,3,628,27.292839033032624
9,6,98.12363743443039,0.13911584889108752,299.45186345315517,1,4993,94.92681812511643
1,4,47.488654350621864,0.2542313837486956,139.7773917183238,1,443,27.84481509762205
16,3,38.25262802440083,0.8755112265526162,182.27709545760388,3,3886,100.0
7,2,11.982900201764634,0.18280723665690046,156.68811883280304,9,3782,10.245464085081322
0,1,97.41646286280155,0.27843940825043456,476.8263244481876,9,308,14.910270661939455
8,6,2.002635592582447,0.12960065119544195,475.0995794769928,8,4836,32.4556942655533
10,1,73.71802250072432,0.6761082314144111,324.47370136822326,7,3506,83.65925641860753
21,2,76.85998047885084,0.9439823053632096,466.03511092935497,2,1411,93.5838723834319
15,6,24.365671606386663,0.26896803159538596,403.6156904607679,8,2399,21.112581853436144
6,6,67.15584436130374,0.4754066078500737,315.47654726081396,4,3436,67.27386212386175
9,3,9.292914437938993,0.6343397397112043,52.89584517355807,2,2047,73.96063159528713
22,3,25.704726643207987,0.9994662482156307,397.6323287357318,4,1019,55.27491849542593
2,4,78.7901988292265,0.10480806499757211,366.119753714811,9,2144,22.204180851195368
17,4,86.46861920335402,0.49857079950570915,326.8641439770863,3,518,70.76031393926272
23,5,60.84864126597913,0.38512011990250006,392.1909402571123,7,1849,30.102727627452147
12,5,50.683843182048264,0.8658201652223552,280.8149741486446,4,2942,93.53341746788892
6,0,15.93040206189803,0.4759677310116559,366.83747209460256,9,1199,2.666727795697904
3,1,6.310903307915017,0.11097752458514809,470.827439026922,7,3492,3.4172054909062943
12,4,11.764902847355863,0.6344241452865836,219.1122571307388,8,2872,49.108910447989935
19,3,22.735730009609878,0.7707806182638798,368.65482570528144,3,2580,59.904564480873226
0,2,34.16745018969208,0.0028812516656145926,264.0595181049314,6,1645,0.5743394904303004
7,3,38.090952551098724,0.8589566854206295,353.4798433162917,1,1170,73.61617348055023
13,1,34.63217685890035,0.18602300000566563,393.30200099946387,5,1950,36.32709374831955
15,5,23.90553321972656,0.5520693646533779,70.45362519610819,7,4298,71.18479169366168
13,3,50.97242467516981,0.41579750068745014,340.97019977689786,6,3039,68.1052378899392
11,0,82.52861082328968,0.7196538166105304,152.03353298312504,6,2003,83.3018570827697
18,1,27.970353847147923,0.37116161478574183,351.514642013405,7,778,17.700723924463368
22,5,94.23870191022331,0.8697631766817108,260.7485836702161,6,1088,63.85903108489064
14,2,87.33366617238478,0.7304963609587902,398.09873383919927,4,2575,100.0
1,5,16.176421135210962,0.6477131710629215,105.53036684251839,6,1707,16.833459333796938
1,6,78.62759567570944,0.7962405955628543,331.8450582452878,9,2969,55.01477557694548
22,0,57.458738231776664,0.7540230349283823,175.31182801739854,2,1602,72.51618963747077
21,1,56.65753621714186,0.03593867492155334,433.84189789876615,4,1889,22.77334523399622
18,2,39.10427630581744,0.39473435384482813,467.77257753633836,6,1525,44.67786729943775
21,0,50.115299918200975,0.9308072973164898,498.3792321555749,8,2540,59.03243997610051
21,5,39.717877742921104,0.12572426899222622,408.2033310922775,1,2142,39.75339596252377
16,0,53.97326187599428,0.7370965504320512,389.18033169260207,3,1378,79.76908487627797
19,1,62.795005277263584,0.9745918113353297,146.97534149039797,6,2694,71.24694734557292
9,4,67.43038064090484,0.052198629044971634,201.20317654554893,0,4789,98.9611131184621
5,0,53.24811925594262,0.6821938806266105,259.5571437930258,1,2536,86.28195390818891
14,6,72.14220673287318,0.4681541413010304,398.0214715020124,8,3903,70.97484729479756
21,0,14.12780492755058,0.5791752553747221,461.7346392850859,9,2305,10.894114550028432
10,5,21.198249090223854,0.08534133648432485,135.11259501034309,6,1127,19.225137605404594
4,5,81.87350040742702,0.04300695186693948,465.0653681015463,9,3639,22.075136095108814
0,2,32.252797784641515,0.6668666605509217,363.0310935593261,6,3583,49.0008448550765
7,5,2.2893824976120247,0.8233094298207179,324.8468288082674,5,2341,37.4494980203176
20,3,15.379114966803108,0.7820153349329673,139.9285720768728,2,2865,62.6230401210794
11,1,22.361443449631125,0.5438057278662374,74.98626476411775,9,1273,22.803866448814023
11,1,95.73228878945872,0.09986682113617817,305.80920432857295,2,3330,90.08175452091993
4,4,57.30414289308493,0.6880444438360138,343.1820574980016,1,3450,85.11207117274127
6,4,93.27307404762549,0.24188888355414595,144.8516522096097,5,503,33.130991142933425
3,1,57.516335049662494,0.9110687027673836,300.4052926214554,3,2825,86.1308726824431
5,6,47.93544401378518,0.8382653595457049,435.42203124315813,4,3482,72.6398895861341
12,4,31.372769119409604,0.7093829670873909,425.779675454759,2,4263,100.0
19,2,60.63709444333756,0.9488459558311304,467.30983126383376,5,187,53.234227983683
14,5,13.919802461752983,0.03142182151127293,214.6486143005962,2,1258,20.914329877110546
2,1,89.82616272927059,0.736200425060762,193.1223076479134,7,4373,82.93789110911617
22,4,82.93324051412837,0.33024277933640533,387.2417026913639,8,2957,36.72339463096704
7,1,31.753144787673705,0.9060658856863653,244.00058229365226,3,1481,64.32987710104996
19,3,95.27975276012943,0.2666751966619776,89.39689881250128,8,4781,56.67263001078284
15,0,82.5200767415568,0.724856499315017,177.26050880172488,6,2164,74.19343988582023
12,5,66.63068858350397,0.8776470196507814,238.36202848917011,2,2474,99.85091591665586
17,1,12.17619111252748,0.041656818382682426,181.6323914643134,6,417,0.0
9,0,47.823402304807225,0.3976475795920361,199.49250692629474,0,1602,79.27966622421414
18,4,50.61075548467508,0.7623090320219387,182.19915777847584,2,2142,85.73669130055804
16,0,23.25513583653801,0.4549188895075871,68.67462523238575,5,4698,73.94046656405317
23,5,7.9965394359301945,0.2672526297935953,336.69261537099914,3,2122,30.510299399872665
18,1,77.67236304716927,0.21980534882319003,318.7815891590612,6,218,39.7318557710979
22,3,12.203505212439502,0.1315182669163779,344.02257431540625,2,809,11.936511447239443
4,6,59.429075056177474,0.8571295598562823,136.53945321513237,0,3657,99.36211143723862
20,4,93.64491738836605,0.575355403251556,183.04454372561838,8,4240,70.54021939897966
22,1,87.61051925980425,0.07638494499145598,328.82716712521506,5,4509,62.39837471711977
8,5,27.775262374926115,0.3825803235706354,319.83240580696463,7,3350,43.80610931242477
11,4,85.14486375512654,0.3677336508051099,277.8486392094205,2,517,71.8713142619253
20,2,0.03325061204894064,0.18173919070946298,207.68596250458884,7,2703,0.0
0,0,1.7687809613257222,0.4355076254721907,460.81895214861044,1,3954,59.8851533332012
0,6,60.255316384286495,0.33209936539313645,202.8966090344797,3,1201,32.18264280062321
14,5,36.47982191445295,0.34180370549218253,255.02862039676322,2,4521,96.70609525724338
1,2,38.64608411591471,0.7390265577879587,355.15122392939395,9,3528,46.506469660449
21,1,56.44410906788825,0.2232633855051963,294.35964389004386,0,2361,49.570686508485345
15,3,19.17824555918606,0.6418599588553554,206.0986893639735,6,4269,72.44966303529142
7,4,21.175535066547834,0.5706496238809349,246.0401557054294,9,3734,26.735585000242708
12,0,48.46015870188647,0.5680925123378673,407.51636803407774,1,608,65.67005444874113
20,4,75.4253544343863,0.6630073461417759,175.1581199689756,3,2479,73.84602671318541
0,6,61.94977514075877,0.548382036195654,114.01485789956693,8,3264,40.19904311774372
15,1,29.73550482368389,0.8792551148463846,190.9234408233997,5,787,62.53428649671496
6,4,43.03371775089212,0.6755800919502598,432.2903969695556,7,4852,68.03576213286655
4,0,17.06647585499984,0.5469632513713881,90.045371685356,1,1392,44.85187678527927
21,1,7.462981433708171,0.8297631202876449,496.2632330176033,6,4005,54.425825945161186
22,4,78.26960407441493,0.6061465649334797,293.45130451744814,5,3175,71.66426130616487
2,3,26.53874091881946,0.291144247785179,493.1805847851923,8,3309,22.219636287176655
11,5,17.77663878512482,0.20709491817657122,472.5483899386899,6,424,13.979990106586893
15,1,69.16180555693194,0.1523277856626788,253.76617139491253,0,2093,69.65174139000553
18,5,61.8051674287186,0.8994552125461016,139.3209835724071,7,4076,91.51289702944749
4,1,63.318962601346406,0.7101354317980658,124.1981494543123,9,4912,63.61405202298129
21,3,22.889460484661363,0.9373784381643208,157.99521374148088,2,2870,67.3457516128321
13,5,23.2645538562681,0.603291805714943,369.55968825404176,1,4472,100.0
4,2,22.080262978563916,0.47340088149491255,172.82749762916953,2,2683,56.38717530278929
14,0,17.375259566229452,0.059716488970889325,203.64137132193423,5,3657,47.76438010883421
16,2,65.57236725616563,0.6716422815460298,251.95046179757665,2,3687,100.0
13,4,84.80158852494014,0.5822087597682312,460.9547061896553,9,251,44.1796330677454
19,3,72.43174696766613,0.9902088935876214,135.22703804818076,4,1054,80.09962112126445
4,2,79.20936337605433,0.23915877778224304,52.2619486744114,5,4454,67.4010034004257
11,1,40.479842908519984,0.5307373552868359,77.04338467017656,7,2471,57.066983361691534
15,4,65.40757953719981,0.6509573351180726,457.14485375605307,6,1291,54.42632509910278
15,4,35.42362404447745,0.6445911747423436,341.3824091795134,7,787,45.9331023266895
20,2,52.550462196864004,0.5612935429484027,172.86827869751306,2,409,45.167348777693554
6,2,48.163484653486236,0.7769280103272255,129.736625455036,3,1602,58.73287265059238
3,3,17.68871451438544,0.20498120952681642,182.42003148670145,5,3227,22.9563556617538
0,0,38.70787603356308,0.7256272002744159,101.65861726307605,6,4668,65.7015332437998
4,2,96.3822275482351,0.6197345714330892,473.6898096279985,8,3467,70.49350398275297
22,6,24.85802577149421,0.8960751117945733,402.8927784643701,0,3495,89.55517125203949
9,2,13.380373627948872,0.8471944390335817,258.07602961064333,7,913,39.283478608507394
21,5,41.85806216239353,0.31514703913255326,439.23317230184085,7,945,3.0928427979345
4,1,79.03377358601482,0.2762373249751531,162.25619193195453,5,1264,33.91836965547787
3,6,58.21482297799723,0.9816533238524479,372.7042558124871,3,4862,98.20195147891108
1,6,68.09748272382446,0.5272651809152565,435.2596245561846,2,1867,59.33347437279434
19,5,18.96948481746772,0.9064209639144368,210.5459202304727,2,454,40.53806227633158
9,5,61.894819300772156,0.1638810237804822,390.85900045282295,5,1972,52.46876570685546
18,4,32.35003949114738,0.6428189148001743,182.7825571689392,7,2124,50.63084515921883
0,0,83.43033659547675,0.8098601873605862,184.48571086656386,6,2917,67.6089507210999
23,1,62.92988060107362,0.9473952495864468,98.17573034938373,0,3932,98.64381929333558
4,3,19.885627777529592,0.3373401410170235,248.02612092922942,5,4375,46.3169184416911
12,6,6.4616679844086145,0.7249811699240525,378.37035792384,6,165,30.627930047982623
3,3,4.263320928703274,0.538813009039619,473.09936250707824,6,4366,43.2609475623153
15,2,37.14085676501407,0.06062892606646819,321.70864636809324,8,4190,40.000530299280584
23,2,26.585113665431347,0.6899997373089434,438.4109919810826,9,2621,19.959753449414293
15,3,64.60901234625081,0.6900965582378434,420.12259218060217,4,2681,91.90097556671016
22,2,49.933383497861826,0.930606804846537,128.0043738388764,0,1490,72.86246283956193
1,0,26.60192780053807,0.4973124461689724,268.61784301068417,1,1230,45.11407630172106
16,5,14.923777795017612,0.23025092071051467,102.61559098642616,3,2586,51.41991176101
19,2,12.71997626874496,0.04456382344867915,356.9689227027357,4,934,0.0
23,4,86.46603921404177,0.4156421866859057,477.4548507107342,8,326,20.395637638939775
11,2,24.347796840486723,0.3019167000775018,111.69025613544042,0,3615,79.59927639386868
17,1,65.17106479109684,0.7610883060238756,380.2474088611436,2,4637,100.0
2,0,81.06859279862663,0.3542677648410466,334.5071678905374,4,2543,60.5354380790975
0,1,61.408131118473605,0.9490711963148439,312.6222666536449,2,827,66.32618013120495
0,1,85.95652316469457,0.9623102029877842,225.55410560975264,3,3786,100.0
18,4,39.23937215284745,0.6209085902177081,209.80924148921565,2,3722,100.0
10,0,95.62221906489484,0.9286602870148829,70.36213505849953,3,1136,100.0
4,0,13.314500417809693,0.7608543445144956,148.05891871340606,0,1932,60.1729962707416
11,0,10.21495296575381,0.5468596409751262,56.829597029072104,7,2840,56.145127430485516
2,0,65.86921462074436,0.18030793542277812,311.63769751190927,3,592,26.726613814660443
0,0,94.28311414132618,0.45859794351384,97.63395614505899,6,1648,48.280792351236855
0,4,80.8883461636328,0.5608744633626176,442.85872731337224,1,1243,69.09093268125203
7,2,7.641685943805143,0.8639615807350102,285.4143593137244,1,4057,84.06407005226897
9,1,27.936771393471638,0.4813333765356649,364.8604590764188,5,3507,63.617002656926964
10,0,93.03188848378237,0.8976746726779566,234.8856913282234,1,739,100.0
11,6,25.305843280078456,0.6743489790234689,302.2609140504719,5,272,46.320704980388676
12,2,78.11704237869192,0.13699906305367138,474.1966296349837,1,4454,95.76976499798657
11,2,82.51321959287039,0.994981369325093,87.23031783065184,3,4059,97.90003011436652
13,1,49.54521034609818,0.5272326607539126,164.27199736566325,6,616,40.879294798791655
1,4,38.63489098483155,0.3918582964090789,400.99474710974494,7,622,0.7780071244656561
18,3,45.012443241975966,0.6591137644695265,94.43174309719964,2,2017,77.71646821100887
17,3,22.696469436536415,0.10889331398103907,84.04749675684988,8,2986,20.765353855466042
2,2,88.93909161288443,0.6365386467533544,212.69362943931736,1,2264,85.03995636448136
22,5,45.06196567297579,0.49823600049927297,91.47558131259454,7,2029,32.4073145726828
16,5,88.24594404560997,0.40667406999858313,313.2852989927914,7,4045,88.35065160257051
7,1,10.56934799062741,0.9530200211788992,151.82386286746993,3,2309,60.25468334115525
9,3,98.82752710001313,0.5225397167320532,453.06408343971754,0,3883,100.0
1,2,44.32730874436183,0.21911747946993843,402.57503638036553,0,2690,56.80376650078013
18,4,4.783082039410546,0.45896347937729864,364.8673427447643,1,4176,71.15421200859585
8,3,3.8021848237454914,0.9193874045726727,327.6248123230259,8,1193,33.68078959883046
6,2,74.62072574818386,0.17609547133059467,438.5595786536585,1,3980,77.25938532162697
3,2,65.90355342036808,0.2139570386882369,150.3779276942406,1,2594,62.291699162156974
20,0,80.21305581275875,0.013029567757083749,442.89897924390243,5,2679,38.70474083855754
17,4,10.536753395280595,0.01419004939576718,405.2715342908235,6,2588,19.915143905583655
12,0,3.557086703554835,0.8293916269585125,386.6723718744585,6,2885,51.76824372634269
10,1,50.857928944757845,0.7321226068429558,302.5650551337158,8,2858,60.386676991655065
23,0,38.759523148276955,0.35504105645195827,160.80987243677004,5,1674,20.618322853672886
3,6,46.19469366709558,0.6983111572275728,240.59656219635335,7,2473,46.26727822367043
20,0,99.1588408870274,0.3952059263099702,407.1067945424607,5,4090,73.53697718822647
3,6,97.07499576706702,0.9528967959978275,64.300317960796,1,4945,100.0
9,3,94.23153896731928,0.9670526814260348,401.9228461686912,0,1193,100.0
4,5,78.38426767676738,0.3927937758093434,158.03183321940492,4,1289,52.251888092278435
8,2,35.48413602568904,0.854221906340868,114.93914032472136,8,2789,60.212184759102904
23,6,41.21309302627716,0.7730890416974662,102.06559318113597,7,4195,64.54414535609203
2,4,54.96160437189245,0.3099999371717893,62.2625053778668,3,1975,39.8470181626571
16,0,83.05344564048399,0.23203982890110597,285.6139183496538,4,3506,81.52272879241535
2,6,6.871283251826776,0.45823465039283384,148.21694271217825,4,1887,20.5021771066526
15,4,42.429688588488816,0.7813488406144062,495.2442946008342,5,4032,97.49009930387312
3,5,8.261766345926869,0.9601677847287454,308.4965401424926,2,1707,54.4484380237886
17,5,51.46575865735116,0.7635790688665726,112.04837121020469,4,3848,87.50906178291362
16,0,89.89008240062354,0.85520698501837,359.9431433651144,1,148,100.0
6,1,78.24849245639379,0.6030643061705165,453.9846049293764,9,3961,58.27509568892299
23,0,22.784241754310997,0.8354078308421259,385.33077291632645,0,2280,68.33845442174007
22,3,97.59908495987925,0.7844208580034177,84.39793746775145,0,3146,99.18864442465431
4,6,66.73503980464284,0.3769855419262801,453.1478815366968,9,2933,26.98900754458672
11,2,1.0427699397403067,0.5519903021207211,407.26822363698415,6,1497,33.01533031595438
16,1,25.541348468521953,0.8047531219896948,121.23675504752646,1,3926,100.0
22,0,26.071329991991654,0.04605673418995637,73.30364992976759,3,4674,47.70026417081264
12,4,6.9254306285859935,0.8080792823558299,300.78975889143885,4,931,53.752781471768465
22,1,95.9826518075929,0.17788812404902343,120.2161151029896,6,2797,45.283732492035874
2,6,47.825529457592374,0.514683617121439,425.5659286678724,1,4877,94.02774642674896
8,1,89.5814597371882,0.8082754395559376,211.2505955022532,5,2835,89.96906478098768
16,6,32.221550344462834,0.25382107815669486,460.80160013145894,0,181,43.64501057931768
16,0,12.523357043282711,0.245807439306153,304.5596774634526,6,186,4.266400616339897
19,6,47.43361099062139,0.40276439846225187,132.20257290785065,8,2163,25.772953184375606
15,1,11.395663471431716,0.8946427975776345,112.81949031191004,4,921,54.804942189062054
21,4,48.601550297753995,0.0004427814372078842,309.41259690098923,4,262,0.0
12,5,92.02971812194077,0.9013830966419349,392.84762533809976,3,3839,100.0
18,1,52.07681418342127,0.15380702464160778,401.67754148398194,2,2497,58.947339000900264
16,6,61.649972689508346,0.9900863760674821,174.09083199857656,8,2032,72.73067546663565
3,5,15.66384369738083,0.9548469930384681,141.91104151047537,4,2828,74.19360663528423
11,6,4.373562587996949,0.4946751895912833,57.540337021572086,7,3635,51.76887728478032
8,4,11.080796217980705,0.5127202478126281,355.6396180405262,8,3546,44.473127840750315
18,6,59.853157568436565,0.4815493402758543,84.45571629509254,4,2890,76.31308941144643
11,0,9.501169899230465,0.6354436456595226,239.3425407946666,9,2807,43.18008817377567
8,2,37.59928899413114,0.09072170223493103,320.7569738082332,8,4033,43.220152859922166
6,1,55.009194045815605,0.032617948341566505,471.69902521385467,1,3485,53.86257248265926
13,2,38.8652798629847,0.05770292841589886,190.31096163009587,8,1022,9.169058077185946
19,6,16.36838014653015,0.4443653492415144,162.3974731009339,3,2275,29.11637711849792
18,4,27.379130751410653,0.2755479392194834,344.3720694287443,5,1682,28.098996511193747
14,1,92.8317532848577,0.6220395623709938,328.65756442411174,5,664,68.99056805362525
15,6,67.59822755863554,0.992442289374779,199.44940248865606,5,3358,96.83357407326928
20,5,49.60478386798866,0.3863231730764659,467.6458259794039,1,2697,64.05846737272057
4,3,1.2714889986893518,0.5738412541045134,430.18804737033474,6,2600,26.186557023729534
2,6,99.24154004894702,0.4156038959073355,150.7921456392865,5,4666,78.2729388474737
11,2,67.14549348946433,0.8472716677218594,157.61414544553543,0,1087,100.0
19,1,31.692247734494494,0.9022364034622381,280.5351560991863,1,3736,88.05755533913509
20,2,87.92686599978381,0.87735561220526,398.1074457788242,6,323,62.60153390024667
3,1,25.84316202918181,0.9743722386792576,69.81817072480898,0,450,65.48708824045039
20,6,54.40165791827516,0.027519185140415292,362.000819180618,0,2028,35.61358748916619
22,0,63.607076372982505,0.839816162145531,341.70615382194364,0,448,81.01621415756746
15,5,22.106337145372844,0.7517721730390933,154.1660431608447,7,4377,72.03539849031756
6,6,97.83972788005958,0.22869440940036478,356.60885595860697,3,4832,79.01692666814124
12,2,74.81919059789975,0.9563200933875275,473.08243606343717,3,1117,100.0
20,3,55.781322551106996,0.14817792822994547,71.05363023729583,1,2326,49.71060872091789
9,3,18.059459817530087,0.6795499271339084,193.84342488142815,0,4967,100.0
6,4,5.385820699802613,0.22489021681591248,247.17952249985987,9,4224,14.304139700077421
13,1,32.005983252098346,0.43138064877407467,454.6671615161103,8,2519,38.53147715835405
4,2,75.31873359134028,0.7191598969445689,483.0176509741205,6,1993,53.15346193283297
2,4,26.933129830202507,0.5633246420330467,249.85186092334953,3,3140,53.29319675904464
22,2,53.95562204955051,0.4275018313281117,387.512785463986,5,2168,47.68167178244595
10,1,72.79471767307432,0.3263384309319872,289.2474606940174,1,1225,73.70374638186313
10,6,10.794371464646435,0.8396596557087903,292.00232063361943,6,3217,75.03530656987877
17,6,68.52980161158733,0.1438143503148137,175.1447817798604,1,4261,91.83041252423313
14,3,9.18708877100447,0.43010287652980006,147.63031063874578,9,4142,37.82306144817308
11,6,96.51297421269966,0.9037575717751422,179.6024056658185,7,4533,92.78891763065972
8,6,48.839413006493956,0.8458495504599677,300.34760326568573,7,2270,72.76825865136617
9,0,15.067610770987738,0.4009417624730467,63.119833709940046,0,546,60.0046228241073
11,3,34.23836360335465,0.7631083636013083,458.26202496038263,7,2758,60.00089858017478
16,4,41.34164492952615,0.8231608307088593,120.3276692973993,1,3462,100.0
5,5,75.81850110765373,0.8888874240036297,149.03990459212395,5,2818,71.07369306483922
6,0,74.34237860766093,0.544505769049228,283.22427940144087,0,3583,90.01375651021631
13,4,61.194050533733105,0.2044608860547118,369.5516448517757,4,3044,66.48034844310158
12,1,10.593071255849296,0.25530907650393164,93.07807463497878,6,4476,43.12121189918429
7,0,15.15693715876736,0.2956946740416042,192.962613896223,9,695,0.0
9,4,9.375692064555663,0.5938024808096155,485.90357250846074,0,2086,70.11689849921731
8,1,57.71727832875501,0.03280962412860844,168.05433505142557,1,2850,71.2511886666238
17,3,87.71384415114039,0.6360424687799683,190.8725652784161,6,1174,67.80065788868693
1,5,43.38005122547718,0.364354238428232,426.4243207781151,5,4069,55.95692750894039
4,1,16.08481739577462,0.29524180248964216,72.59649426070486,2,4405,53.84802564906788
4,6,55.804232514896704,0.8794965707281264,259.07592596403686,9,4321,57.69462394321745
5,2,81.17522168657099,0.4600023955807989,220.8275440032516,1,4687,89.90540804848702
18,1,74.171206151293,0.09505304553269278,192.464041958893,9,3680,36.67608721936201
7,1,88.14507796750213,0.826746768026247,178.56481732014404,3,3107,95.83015875136316
15,5,27.790209724886783,0.0476412574365066,91.11834718718414,2,1069,46.976801358125016
12,2,19.395386726777485,0.7267492241681967,191.67162320824198,6,680,43.07180658504649
0,6,87.98164859419387,0.7739062217706651,69.37358122205086,7,2924,76.48820493623252
21,4,65.75603127780231,0.35260260592885817,401.43373863999585,1,4101,85.61040926150892
19,4,31.092893000755417,0.8247878562777867,229.20250728110526,9,1311,19.194869964821073
16,1,74.23480505725092,0.5156594058564534,249.75672454396022,6,329,55.09347222067617
6,2,81.51183844803678,0.4632936532727968,452.1175639025592,7,4384,62.216544585291985
12,2,61.497824034113236,0.04540328146869255,346.12474273754935,5,3285,52.42575433938813
3,6,68.78841098799151,0.2900291936489059,53.626596503953905,5,601,21.983862447960348
3,5,37.52599044426663,0.9310099708852998,474.42867033257824,9,2232,38.07490461033599
5,3,53.86956673430391,0.3918239632835,156.71500968997003,0,148,45.9258721738273
18,4,52.415917072616224,0.5467005205567683,98.42638314193648,3,3666,86.60695917743088
11,5,84.80477911307719,0.5320216789842518,395.657680271397,0,3155,100.0
21,0,83.99639802821825,0.5904310898226933,275.2147921400232,3,788,60.37383411757932
6,4,83.26804693470432,0.061330955643282614,245.1967547081079,1,486,37.94858421826828
9,5,1.1031614262465794,0.3621762547987283,162.27638585723378,4,1069,38.93813685347227
18,4,74.95454844688882,0.7231282738825542,296.3621704380434,9,3560,83.17519631617479
6,3,75.86763901110048,0.20056025107298292,173.47307234116437,8,1105,16.77371460909167
2,0,67.83788228551418,0.20357837754636043,455.7123523791804,9,3152,24.164838664239955
12,3,75.62646578914526,0.010090606689024728,146.84201587993675,2,3517,77.68394733918097
12,6,84.19703714967088,0.4374819266082097,447.9598177050891,7,2402,67.19194800571762
17,0,47.03190541017857,0.882734380673422,301.7324415773106,2,2383,96.84568806538056
19,1,50.20502134884472,0.05190094358730901,422.81966025285845,5,1707,12.869208417360985
7,5,12.471405691139047,0.19111870949600263,370.78069813742974,3,4466,32.175934036874196
8,0,38.53758830473618,0.31008453834275507,363.51280014653685,7,222,21.728089284656342
6,6,64.33651799117843,0.7317247365642129,195.95561346277506,5,1380,56.328080109098785
0,6,78.03997761472745,0.6406355928025865,155.25361916249156,7,3827,60.712176405236136
2,3,21.720909769121054,0.41594390458185504,144.89880245635464,0,358,36.09140238534363
12,4,13.78228991592354,0.7590689392583757,435.7362456768149,5,1047,45.97872953770057
16,0,66.30420045004922,0.6096310116569019,419.192069116559,0,624,81.41058485082942
23,5,0.18798835249106416,0.8960407996572191,248.2580876055383,0,987,61.30103796067415
0,0,17.837258430732984,0.818026749138693,109.58207607340458,7,307,11.153068878157775
5,2,2.9071380343953734,0.25281360608920056,222.01351338985626,6,3482,13.662796574752075
20,4,16.688511785487094,0.2714385776342002,328.7045543616101,2,2894,48.21150542412484
5,5,18.131927992550523,0.12535647579238562,254.48141951597879,5,248,0.0
11,5,38.76735947503942,0.3369647257174565,401.0851708173477,8,537,23.957908042043933
12,1,40.2327124686556,0.9995439187190943,498.93027001312345,6,2302,71.09676661427228
12,3,87.42624706102377,0.405751168615061,136.00943980200358,2,3849,92.40698365204574
14,1,51.010971249882516,0.2204884346891064,256.8428688468076,5,3261,54.474087656516225
20,5,72.34047656122863,0.762482884475553,243.94275586436993,3,4001,89.66303096560564
15,4,10.413735792028744,0.5424710034626561,187.02163973702787,2,4553,79.80261150667874
21,0,22.543875546369385,0.14960144952695253,139.1429825241303,8,3345,11.794105077045383
20,0,70.29434409786768,0.38068968116086577,79.56145242034665,9,4651,50.835192540474274
10,4,5.280396046852809,0.4144697155393433,449.2036927506643,1,2923,62.5749298065156
4,5,48.65976622437531,0.7538297005692186,238.93191395884293,0,4824,95.90700650304599
3,6,59.936896566293385,0.020671368891904462,273.602983325022,1,3370,50.27441990185477
2,0,60.214564405248105,0.2690196467983105,462.62392169041215,6,585,7.562379107549562
18,6,2.293281126804203,0.517596301315522,399.3307148821765,9,299,0.0
19,0,32.21080042291855,0.26884674245284335,108.72556885273289,0,4566,71.56145576108527
17,0,63.6490651049154,0.6284340474189989,304.43898542348404,5,2082,70.54913994941121
14,3,14.899973614924345,0.4818674792746166,249.0135244338016,6,1571,34.122634185567705
8,3,69.54156483280532,0.36171025485958064,408.74498266044327,8,4443,65.27312107105729
16,2,74.59252088136745,0.9492086268705122,375.90464642537717,7,4983,100.0
13,1,98.19691904461453,0.6321594991864574,360.68257485998237,5,2411,100.0
14,4,20.984199485640943,0.12994137226794122,203.2451759659536,2,3473,55.45032412754767
0,4,82.51306676661152,0.5600916974433955,412.23367867966454,7,2178,54.78829227367612
20,4,52.0296576918654,0.780731853200901,73.57608301768755,6,1621,47.89170479752769
21,2,37.34625961441734,0.7084896974927973,121.83120564447526,2,704,47.58008817931897
21,3,12.237675732517793,0.17208922929525938,201.03047284006027,8,3948,11.258918074955934
2,5,73.55056064875376,0.9724199990401033,84.56334848117658,1,3442,99.58391564883004
15,6,23.585759914368708,0.448813645746606,155.74742489061123,2,1517,62.792939701570916
22,6,37.142200187304574,0.1590250037402613,423.5679423490632,1,4697,59.08772545715233
10,5,6.254222689736844,0.18019575412814792,476.7131920055357,0,3975,69.88644312654489
11,2,80.13669158195191,0.0982349921890805,187.07106009838571,3,3033,78.5414272813473
9,5,76.65885239716434,0.8035181084349343,169.0321117949772,4,648,82.23801984825245
15,4,73.36158300423125,0.12203049432184865,175.95169351089208,5,938,34.213228223033724
7,1,29.94435104918867,0.12512525714174694,174.9735893078797,4,3915,36.47104388785758
5,0,17.348007426595725,0.8504716147608377,66.16858198368784,0,947,62.57282294785031
11,6,63.75532644702297,0.34460408444755963,467.1123558489986,2,4809,100.0
23,3,49.616638411321944,0.030857904308072448,146.1641637066478,0,4607,72.33522318614884
20,3,17.82524669046416,0.051895299518410876,239.00183333663222,4,4873,40.3762930929427
7,2,68.59112710498637,0.14217044670389556,54.359097233435484,4,4354,60.84473891716824
3,3,99.11264318213037,0.21339334797568954,436.0797909117757,5,4568,72.70870678127241
7,4,74.72195877420377,0.6651461942384054,379.0208050047127,7,2372,59.76475860924123
17,6,73.99863866856118,0.15732628000182824,476.0402158281664,9,3420,44.55671357035981
4,5,95.03127529305917,0.11887439117707199,401.72696563837957,0,2658,70.77718549080336
8,4,20.29363675749022,0.7647191414762792,191.16793042342937,3,4798,94.25856761522151
3,2,56.55499649214404,0.6710552838599144,161.54301142779065,9,4411,49.224653955831286
21,4,97.96467150338835,0.4353242214552362,363.97233839898183,0,2096,83.53686317940904
16,5,16.529411097017455,0.549309771480104,213.85074875472475,8,3773,48.186321683102925
8,1,70.02519594445211,0.3119840203264185,304.79675708867745,6,1664,49.96085137961499
0,2,58.5810145971902,0.48250042023536066,52.8158619619116,6,4118,66.82617340326516
20,1,58.647909218870694,0.5066726489827458,77.84856575621386,4,1940,55.99248464854968
19,0,69.76706275200752,0.3872372711780959,290.915573531743,6,3391,62.29891255314931
12,1,92.96169228756843,0.9065722106721628,304.7322409016743,1,2987,100.0
15,0,78.2581939851338,0.016061864981006146,388.1538250067046,3,826,57.38146180203128
12,0,5.613610341621,0.7821712630912462,109.38439383078278,6,1344,46.97665563027352
13,1,85.27280198757113,0.12438283124132432,280.93238769055046,2,3560,81.41315944387175
2,2,22.554132992573262,0.7975473605371994,137.50143999425987,1,3818,77.07705837646186
5,5,37.6914164736372,0.6159119156767212,91.9382538032126,9,1165,19.50381541049854
17,4,46.17328136123822,0.8432780909364024,234.72310732724955,1,4871,100.0
18,4,48.090600075306966,0.09751432564089746,123.50149164007576,0,382,48.56261389139774
4,5,43.51803992553568,0.558980634099774,149.80189018654337,4,1181,34.42089223543391
14,6,93.73532942158644,0.5010878802621971,192.89956094127578,5,3985,95.25265608349802
1,6,70.60190076640247,0.7061931829633586,166.72478033443832,5,2981,70.27921590361353
9,0,63.117064595670634,0.5342905518936758,89.41608383267588,8,2684,53.52523598233186
23,0,4.984202778294156,0.5407345671331042,90.46231018686603,3,3070,46.016101797013356
17,2,90.39133302603747,0.4295959435760647,136.9622368553757,0,1252,97.71173136489388
12,3,90.93901920083962,0.30883442400734085,72.75163458179253,5,3597,72.11914967240878
4,1,78.02130634301024,0.4822643612521922,331.90565885461723,4,1047,38.08518120942814
22,0,0.7029203813619156,0.11849235876840059,179.2970224290059,9,4860,13.183835898480085
23,4,5.728025107762336,0.9615133389830848,175.88568549608198,5,1817,50.356716360563496
0,2,22.522370226848977,0.7144107636265983,199.39923240699432,2,166,33.94002262137109
21,1,13.134940814490669,0.9524671166878468,348.2583233943747,1,736,45.246129084965915
0,2,39.88360297037295,0.22672738232996326,441.78524666757073,5,413,13.579431174351102
17,1,92.26230580877896,0.879341020176528,391.5891196500373,0,3497,95.94467424042737
14,1,47.206043419699824,0.8087899845635385,377.38815360129274,6,664,54.15568488141879
16,5,1.340262643216561,0.6771524124576737,267.9760335203822,6,1701,42.99895004176919
10,0,28.274568957876202,0.6250291860852057,362.2125006353353,9,925,23.47912002785698
20,2,4.459490837296154,0.31654966526787,298.7430656151124,6,3770,20.93063096252599
21,2,3.6287622613502157,0.8164107849650307,147.312737683938,9,1125,4.233043189971179
16,5,27.571985309555224,0.5015154614797338,143.8647654834728,0,2351,88.9042100024472
12,4,27.56123386789454,0.07089157589128536,183.37640309387754,3,4857,73.93714028384849
0,4,78.7126602601604,0.31286316085513,459.86120193641597,6,904,29.04080884990657
1,6,97.4834652781112,0.9352970985453276,296.33667817087667,8,2551,60.33607490983803
8,0,37.12070938899983,0.8506802606048463,380.25741965084126,4,4731,100.0
2,0,42.88868788610386,0.9819056980765392,205.95144191744643,1,1491,78.78176110031583
0,3,84.47894362860214,0.6279933826040981,233.47209679935136,6,1335,42.150580880719936
20,5,26.813902009551338,0.24751007314041196,106.50451038676312,9,4132,20.7146151282103
15,4,15.638180440344795,0.16281504967686378,127.08273101975166,0,3380,73.45348714127455
22,1,85.30896234036504,0.18691444060846163,422.3104496717655,6,4823,64.54613655953798
5,2,4.650058644006549,0.019795658347254386,313.1773842599969,5,4944,23.888959366464206
16,0,61.96994401994157,0.3906821109859392,201.88960964771852,6,3649,70.87840637269346
4,2,56.199284746680675,0.1914276804995425,411.2830440479957,9,4300,33.70288257965539
4,2,34.59204475016943,0.4116554604567024,160.93395753709234,2,4241,67.12685109399114
5,3,31.5189521097359,0.9349944318387654,489.2147143700917,2,1454,70.1687268813671
2,4,77.18577261816213,0.43054020950718996,205.16792348577638,6,1936,43.73972730682489
20,0,8.642461076254648,0.8779844969848348,201.7899293680524,1,2992,76.04082260618276
22,2,23.67843093113854,0.6055047666158765,190.36035749151736,0,2596,69.81361393820805
4,0,73.24487318380898,0.24713155466139192,104.95018216592956,8,2683,23.151113490063867
20,1,54.83205837264242,0.3558547592592114,100.01171629940558,8,2658,26.55549148880094
4,3,12.798820853358638,0.08391953582142941,341.64726554035553,6,3718,14.833732764820104
9,1,88.213561428206,0.3334625935960105,443.80312005112114,6,1659,63.767784225118326
9,0,39.34478465635915,0.677540945503534,405.73422962225305,2,1607,78.00112637124049
18,6,82.78683753221728,0.07211109292943518,113.49841730960799,9,4171,52.48922734883071
16,0,78.77130155277086,0.20540140847802935,295.5119548064299,1,2163,71.9993340277965
20,4,62.4425446471728,0.3814410414133115,97.516195689488,6,3742,43.484528268931996
13,2,49.448113129509295,0.9820495370159625,70.38258962588485,8,2100,71.4334352023266
8,2,97.95508403817568,0.7848618229588802,345.37363672314524,0,1394,96.4139366138327
13,1,14.496507237981703,0.7334867464921039,290.81855015615764,3,4165,92.45357256028403
0,3,72.51557275511148,0.11619095652544598,86.91065834516189,5,2852,30.120075602935756
18,6,19.1190701464789,0.7809958936149914,65.7226608826948,6,1853,63.19217873038559
12,5,33.82631053323484,0.7852688115160151,495.39038603420056,9,4310,74.21328523875307
12,2,30.869874337319526,0.6011026956243283,63.509599467082346,6,1703,49.929009966032865
3,4,94.7035987738723,0.9903617819983719,250.03771387257183,9,1422,65.03482329148119
0,1,96.73561777882752,0.32525390592455194,277.078561073463,1,2541,80.10903207886429
16,1,18.301544423472716,0.9412724482418516,102.77606651020028,3,1198,68.98922398839646
7,5,2.2035160297504186,0.9147311149565036,126.07780029787232,4,1605,43.055843708617
1,4,72.00080396631131,0.011480659749377842,208.31225288465862,0,1226,31.812983074919693
7,3,41.798993387048434,0.45011652647481104,392.7541442961482,0,396,48.50637523130418
6,4,8.884024508756438,0.9771042330515733,278.18709082712,9,3149,37.419063066122625
1,3,68.37541055770426,0.10312136240807579,337.0558435488327,2,2325,35.870108117290584
21,4,54.51055282606997,0.5477846943833194,493.32854979080366,9,4454,42.824263002548996
21,4,98.0516822001106,0.9789575070411041,395.60244589094435,2,3887,100.0
2,0,22.740949586137894,0.5554954241058602,245.46267416354797,7,2196,31.90016461492893
17,1,40.397787632654826,0.18981530297215599,250.89886480844694,8,3709,42.84200779626017
11,4,54.254580339542294,0.5821832300925898,328.4474346684523,0,2308,88.98073693048194
0,5,79.16999884533517,0.20444057394954684,349.4143437885069,1,275,32.5362797872159
21,4,54.88386567200587,0.5197042628944842,275.3199166265021,9,2602,36.031832504232106
11,2,61.29001608619492,0.074042217912348,340.18755026674097,1,4099,86.45545622233152
4,1,22.614705158994074,0.6054826692144046,60.589622486344446,3,1767,40.33931742109413
16,2,84.69187280885599,0.5167899391281582,243.33028875357985,1,4471,97.15864106962229
15,1,42.86305469704757,0.7401613687614631,175.52213423306455,6,2645,73.96243850556033
14,2,14.095962752176927,0.630700471158785,108.12850035939968,8,775,28.145001129166822
22,4,66.41879145054173,0.5496062685307567,94.7959307639488,6,1923,38.7949079394748
14,4,21.60904531853075,0.6897788492481212,321.43647452660036,5,1456,46.98069813531365
4,0,9.756251023929973,0.14394191357223085,285.6202462186753,9,3172,0.0
20,5,86.19869084042723,0.5953596612586041,164.11285264836613,0,3359,95.49633649672933
13,2,46.016226448843966,0.17211060282277768,261.9275264476315,9,646,5.023093452762687
1,3,74.92837126957764,0.9255222078518809,271.50454183208376,8,2183,66.16791899127293
10,0,29.05875598063551,0.0683341048456042,137.75404119737712,4,2140,33.921304523237225
18,2,78.69701349176663,0.43037474969079326,343.4418778467428,4,4634,93.08921064149767
6,2,11.193592702153033,0.6957974776554449,401.4137103737407,5,1852,26.819823759135822
5,0,35.597337379485275,0.45802221166825874,406.15859340028356,8,1715,13.370187529999079
1,4,97.80618179735285,0.09209525323290235,321.11142381655475,7,1949,19.106614765692058
5,2,79.39897163680061,0.5533790161267074,280.2373621335563,7,2742,51.54793589174364
17,4,49.72559303146882,0.6416319088273545,77.4532143524277,7,1700,47.29078515154744
1,0,33.97774715618851,0.7037923109905077,179.52408448322262,0,3496,89.53376624570929
17,4,87.21357000224765,0.3732598144627589,91.97215105017645,0,4502,100.0
14,1,54.48477590845157,0.5636599710287622,483.72042239531316,7,3705,82.63202692248095
18,3,75.84250178691111,0.4506864749389131,110.78606580159231,4,3899,90.72032156419904
1,6,75.4107680316164,0.6720560387522534,118.29893443299592,8,718,15.288389980407953
19,2,1.794567856849183,0.5835569673248185,450.30947824872146,1,1232,44.504081510761615
5,5,12.625378279261346,0.5257562195591349,474.767727564406,8,2215,15.997578082046624
0,3,65.96293663947422,0.24952436683824863,394.62306765570946,7,2439,31.535932392505494
23,6,16.161981128587144,0.0020185177482339167,52.432215652701444,8,2839,0.0
14,4,25.54933446556047,0.17408167531142926,50.605821930453665,3,4376,67.4695772738187
22,2,94.66379541996072,0.11706604142416865,220.14534640435284,0,1587,60.52112461487103
9,4,56.01822583749119,0.44908474501094675,114.52791650490164,0,1657,80.24242449751333
18,1,75.07295069993472,0.6122581507618446,58.27376396821878,4,2213,74.10027369179876
16,0,55.798073878263985,0.21308500868480817,258.8300102320271,1,1144,73.25694022684128
4,2,55.25136147827252,0.9390570959671871,474.3778538331372,7,2531,63.54254557880949
3,6,9.41519101256979,0.006682129223887778,195.71880870609414,9,1682,2.102920235101979
9,6,34.3663192609103,0.7723010151653429,347.5133052929134,4,1408,73.01100656770117
23,1,28.24308986865117,0.6252047695304422,343.50590890959836,4,701,32.78843547917679
16,1,39.07283656136132,0.3735548010476819,162.9860466493255,1,1720,63.12086027653012
9,2,79.83441882243282,0.05048894441240792,342.69136197073897,6,4980,80.50712853868198
16,4,37.19326679168648,0.6274865717842794,145.55028842910107,7,4866,84.17271533877864
19,5,45.16968192316827,0.38561351286564804,104.90333610960008,9,200,0.0
23,6,39.73813904853165,0.9362671394132192,365.62247850186054,0,4371,100.0
4,6,9.340797197529561,0.5419900748897659,101.04836769676254,1,337,28.002972462619713
1,1,44.10721582507837,0.9396515112935082,498.6091483652099,9,4125,61.91785289369982
5,3,19.560927304451504,0.2204836934733041,132.5535805176032,3,3018,37.02680793001194
20,1,18.672329577304147,0.7257259103641033,317.36383824040587,4,2642,57.01771585565163
1,5,9.403610443426636,0.6172490208487257,235.1185571356652,1,2103,47.42391529417167
12,4,35.667097414176475,0.7394082298313118,106.87389008255019,0,1637,89.43206136049751
10,4,75.74818847894174,0.2146678639725368,62.52975840983603,8,854,39.65129972135952
10,3,27.644169058339607,0.6649945162377737,330.229527031775,0,3468,98.10715595508978
15,6,31.234910188551357,0.498040393056869,413.04090370510676,3,2358,66.9587676167619
10,1,64.26746576724236,0.7428249749063163,428.9070476780348,1,3765,100.0
18,4,19.58408125869189,0.3270446441518178,267.2210628846205,3,4335,75.72325207081317
14,5,89.69579304235343,0.8900570254652526,399.8549602320735,7,640,64.41126709439843
22,2,52.01905232515544,0.08430131461135038,352.78121006984514,7,369,0.0
22,0,44.7602940320217,0.807189318791188,375.91453737460995,8,3560,57.3114796241953
15,0,55.78201919292014,0.8613196258150908,271.66955234981634,4,3508,100.0
10,0,16.603431341619547,0.8172523113668212,335.0352831089572,6,605,44.36688743868298
21,6,61.34731386391763,0.512726394261776,412.4866611092256,2,1229,63.27136617448818
15,1,36.31007366340104,0.4383849800307613,229.04787900066037,9,2179,30.14584268610651
7,3,89.7186340964619,0.9962622865248768,412.6905053904127,3,3245,99.62793088283982
3,4,16.885420667768614,0.22917195121416212,316.4075792550783,9,3342,0.0
7,2,50.705110386544106,0.5468759658760446,124.65546096685381,8,461,18.039141892424734
3,5,59.8112629369018,0.6706755253823256,61.107870751063075,9,3820,46.6640199385641
23,2,3.3383601786381223,0.700867635861432,213.23912017961842,9,1556,12.22440970853149
2,5,36.369312475614024,0.2040246657385787,296.01334773335293,0,4167,71.17910893436104
2,6,73.26352347008329,0.6539940923398012,427.91915849156976,1,4295,100.0
17,1,82.03775074489734,0.8183695664813373,107.36855606311079,4,1781,94.78995650468187
18,0,31.316199481728233,0.050018576821112215,410.0928564576106,2,1152,34.76697551214636
18,1,79.85932723827513,0.9115212933253165,438.35407073025215,1,2609,100.0
20,6,96.77558771033888,0.029504055145205932,117.8093691503752,0,4827,84.6591736022529
4,3,85.6873936075094,0.35597103248839435,433.21744368689855,9,781,16.479309954968027
17,3,11.76439881593252,0.015813196232962068,496.1541055292564,2,4032,54.81190681030925
9,6,73.97303320855406,0.07714516853958187,377.0774739717069,0,2229,75.38477946204135
21,5,31.966683244054472,0.9111682851800791,403.1463568212446,0,4949,95.50816756036218
20,4,98.84159894120765,0.3548608307461478,497.48687040149304,0,4116,99.94191141260434
5,4,48.53589831598871,0.4247715304250529,322.4665627366754,7,3402,43.79408597607846
0,5,12.243389835894103,0.21534438138255263,188.54887190731222,2,819,5.594091030126638
4,3,72.51855480273908,0.5970957701867198,426.8888753342251,0,174,57.159247164105935
8,3,32.30111983862138,0.5948032146777896,326.51859988023404,6,1393,47.430844515239386
11,3,99.70781570816617,0.37220039182521925,311.53794067443044,9,2022,41.97656266846036
13,1,97.97824578545219,0.33303487180539837,164.13599998131724,2,4257,100.0
1,3,65.61340180205806,0.8849643081805878,390.350421312299,7,419,36.128022057087335
16,2,12.982644895171758,0.3832842396422014,86.7502741370433,3,2249,47.156832346386636
13,0,68.68609976750291,0.49350099215440824,465.92918185759754,3,1552,71.63277813343764
12,3,9.30304864600272,0.28330476242493063,196.62055734671813,4,1655,35.12332177363874
8,5,2.9364159102392318,0.7867695033571274,107.4985937554957,5,4307,74.80067704219037
14,0,82.2958446221486,0.39744815689909163,249.06493989608845,6,3132,79.01281402375866
21,1,20.975294768368137,0.5136110465443245,69.11145916543992,3,560,26.669202931769597
14,5,37.90271262190974,0.2533571700596614,358.08178741923484,7,986,18.50273408372019
23,0,97.34573899761732,0.9876595923412518,456.2174797004103,5,3633,97.03924963149765
10,5,33.684050186110326,0.2914957409237229,426.7683532123289,0,4036,80.82455863867868
15,1,29.648978128331528,0.7707425309055517,107.31626305154649,0,1215,76.280013318936
16,2,91.82079996227752,0.4274956503567592,106.82201169847934,8,1175,51.791094143810774
3,1,11.074844531895812,0.20621740508413988,416.0455170459188,9,3976,5.366485286616177
0,1,75.95824101146317,0.7997187639648612,465.91442357140215,5,4715,100.0
7,5,98.8065566652774,0.33360678902904317,257.3014234250701,9,2024,31.797578119108838
16,6,90.12960107746488,0.8651933473978111,274.5370026111947,7,1026,67.80739067535654
2,4,65.1667918706426,0.915257184917823,193.21791862357665,6,4752,83.63283956381036
19,3,31.406079499273197,0.8598238353912759,452.41930321538626,5,2381,59.628472042680215
14,3,25.43219811783167,0.03500791480680565,340.2063073815602,3,1155,28.090706974427583
14,2,81.92551048714611,0.7873733450051056,179.7132097253158,6,4774,100.0
23,2,87.98219139516952,0.4113394664991439,184.4522919744132,8,641,20.337409982634668
21,3,52.54349125456928,0.8737229201822251,451.04003287862105,9,2261,39.51238204842142
13,4,24.433994078646613,0.6379542626847388,56.13531075761966,9,2351,45.77854762086751
22,3,11.294320841117356,0.8336431341439584,195.22695772698728,6,1152,23.426998158501902
13,6,8.717946783183116,0.49943176986683535,299.4605065473661,0,4669,97.59403787346683
23,4,71.90774473538556,0.5350255045989328,116.69785794469608,9,2844,37.89545507209403
1,2,42.0118727847725,0.14438763213366723,91.44443938981541,8,3969,28.107747787471233
12,0,90.53598742778703,0.7839873586893554,416.87434899075197,3,4581,100.0
13,5,73.96713007267637,0.41938961166697164,452.48197489182826,2,4257,98.03911158399495
23,6,19.12604179145867,0.5000801182715826,420.62288935918525,3,4710,62.01871193618032
18,6,61.377741881569904,0.7850977140957076,454.4545503818065,3,4625,100.0
6,2,43.550545439815934,0.598845400079439,298.9003869762672,9,4775,44.70247020388298
2,2,57.72497307686131,0.20109872744266744,415.51615444565385,1,1660,52.82725289212807
14,1,73.80691233385171,0.5902326591508927,222.81918727599518,0,3862,100.0
22,6,80.61958810037908,0.40763285797965576,349.8205376655673,9,1264,15.273879943332268
13,1,84.37373264067243,0.46952554204386265,494.975989125124,0,2822,92.08437590296546
10,1,25.397487457202473,0.028311274402667785,151.57747572760735,7,2458,15.35167293873329
14,5,3.1115599917357684,0.2100293495162816,225.45488583098626,1,570,26.719243272712795
12,1,73.92947351647732,0.28103808138102826,266.02131978953855,9,1516,37.79249629741722
17,4,10.634372625577459,0.7129600078588058,112.10696915902328,4,1568,63.32760102206829
5,3,31.491958861296766,0.011492473298115313,86.46737470927556,3,908,11.20203827251859
2,0,0.38171341243471435,0.40877726122913205,423.37528984473096,7,271,0.0
18,2,68.166948240162,0.9240268704257328,489.55746777241376,1,4226,100.0
14,4,16.713201147122124,0.11188061654912385,232.1262787233464,9,4242,25.35042112227987
22,0,65.52824096916582,0.516424388218611,89.44242628759397,8,4325,60.76855602641804
4,6,99.17426171678389,0.786522382390847,79.61529231075941,6,2499,76.14596850616859
9,6,7.267087161001628,0.9425313075201167,451.0931928621344,6,1745,61.3493891504888
6,6,7.707801195146069,0.746776639533718,258.716412377456,0,157,38.35427394544544
16,4,34.03800926666749,0.7205655486444061,194.01229245307636,1,1229,76.09049520454407
6,4,86.6386514251342,0.8264880901957624,264.4075720577298,3,1453,79.13523077974781
21,2,21.552986879133186,0.44620122097754367,193.23684261155628,3,867,31.818820298148534
11,3,36.037781993034756,0.8058445326178331,270.066098888429,2,3995,96.95950120275708
16,1,6.8505406626979575,0.007964404745451126,436.8003786130716,6,782,4.860696038205836
12,6,76.31552912588894,0.9245610553768049,316.53561697794305,7,3554,93.73390543614441
19,5,40.83063427594511,0.4433065095171753,362.5941977645789,1,2108,65.16354805036985
3,3,75.92487330608428,0.5533801878657476,214.10180430545145,3,3242,73.38483517435844
9,5,90.3607844346795,0.2548822489148823,382.32764532973346,2,1890,81.00595208987647
2,2,23.276314710128876,0.7425308328404214,349.9776881957175,1,1577,58.035115602240786
8,2,80.73960303399514,0.07663580647524881,103.8028989884254,5,985,54.00414714416297
12,2,5.909389007825327,0.8726358025468353,307.6892839020131,3,4006,92.20505377059472
17,0,89.88473881802473,0.8281168290063428,165.5345733393911,5,4592,97.42471988504936
14,5,65.07685475587473,0.2160601162447664,411.84305133511674,1,1638,71.41128027765352
3,3,87.42267241383516,0.8093243982852624,241.67196881012276,3,2173,85.25149321367405
14,3,0.018839955658189744,0.7863577330614815,497.6078743384192,5,412,37.65807331654264
21,4,16.90810703559925,0.632216597753949,91.6251970725337,4,910,22.00024338079661
1,4,38.975938742649205,0.37352017689968753,401.15653823307133,2,2335,44.97639003509228
14,6,37.950290337471856,0.27149875418186786,353.1657800939704,7,2957,47.73254858480673
7,4,22.673038292351066,0.23178359028935003,395.37447376581747,6,2863,10.551150100238113
7,2,38.16119398672001,0.3186089627636072,188.38840797070534,2,2132,41.2746962359398
16,3,12.884871200025483,0.9035584434325303,271.4245202220803,5,1607,66.37619026072063
11,5,41.27611292660261,0.07764077598878127,408.4288338756688,3,4645,71.37500287507987
18,2,80.23543291592642,0.8288712762529586,154.64359922938473,4,2670,100.0
9,0,47.90700631033512,0.34889007504182357,151.71493855489342,4,1994,47.824055074731966
8,4,1.8000088945214987,0.5215993960113582,297.97292898271957,6,2805,40.04313401377934
4,2,42.14440415792474,0.7944856336484907,285.6036107884351,4,696,31.96887433433049
5,2,2.717501609084416,0.8843765470229713,177.01811168581978,2,2247,67.74428082850883
19,0,96.62434107067982,0.344781420072647,184.13404273617024,9,715,13.313871678146128
1,1,12.745395942286898,0.4618434812751103,175.03032344295445,4,1047,8.725725882028609
23,3,70.76883263306188,0.41451606481679226,397.18042789931945,6,4751,63.483739721937205
12,5,97.27763228920858,0.013251033503910548,343.3553895031073,4,4473,77.33955904993661
5,6,82.60390516665719,0.2959428888586566,424.58773253461374,4,3864,63.454782058068695
4,1,69.93153751262037,0.4591892337325618,488.96286274130983,8,2113,32.268222946400755
0,4,83.9460909500767,0.4110936088804398,263.3739333223939,2,3797,86.12772234428817
20,2,98.17986932606276,0.7219292275156795,80.01224663245199,5,590,55.39506440565439
21,0,62.13444972535296,0.38480361722110323,71.64153968541595,0,4450,88.72041424786973
20,0,55.918480682932646,0.48937644897067023,183.0492676722286,9,2528,24.208238606355916
5,3,62.82381104632814,0.42960859213236335,469.6450652086029,4,641,25.46146288890112
5,1,53.2675886761555,0.7406261488943705,285.4458747368937,7,1387,27.975641700351233
22,6,63.50891059097188,0.8629723989869625,172.30393223605813,4,1733,64.05975528405507
15,3,44.98422079725592,0.5318890790075141,229.6250575299588,8,3026,55.27134116199415
3,2,21.84431828833071,0.7894321941951912,319.36779833210187,5,1452,35.5362644189606
10,3,12.024722651167563,0.2967866820198506,343.827346162029,7,4476,40.36258819715284
23,5,6.834093553226039,0.5413696101572687,119.26377940230726,9,1398,1.0070004663408592
22,0,26.331578375320007,0.34522995366997244,489.66425444532916,7,4968,50.6206534481482
8,0,4.6123564335733835,0.4142009255718303,295.147502142255,2,4067,72.65175628446514
22,4,56.71707799193856,0.7324138648126686,111.05974300652568,6,4523,71.63987154952845
2,4,28.382844702352028,0.8816624823327127,452.13586400576014,6,2358,48.713791796358855
18,6,82.45348080870322,0.12149539108776541,83.58729398574296,9,4747,56.004262655053964
7,2,7.424087298838645,0.6346392564873805,458.4809449298807,5,2173,25.58710209742373
4,5,22.635149434148595,0.5821438075777985,498.4545453300421,6,801,18.428320593022544
3,1,73.02461470901459,0.11841503917593188,365.19430962042674,1,2019,55.272205487564094
23,3,59.88082963834914,0.21189433044010908,396.7012494832954,8,2560,19.411556616373016
5,6,6.449127124916753,0.31100249473268027,201.78627641036886,9,4362,6.880950348521878
1,2,87.72394571622004,0.16693107081750147,473.7095837302702,9,4364,43.84287646004185
19,4,87.72617628261796,0.2437294825243418,288.37128474876545,0,4424,100.0
10,3,33.040800387577384,0.2676007988617075,379.5748009688997,0,466,50.03686928087491
3,4,34.04058433495647,0.3356738330390596,465.84847216007574,2,627,25.780696508918457
14,3,98.90283583501738,0.749390452801159,488.8309891889787,2,4986,95.6368323494303
5,1,62.61761715931382,0.5719122038506007,424.94196046850345,0,3818,94.22942704572262
21,2,53.13165205680591,0.9862466719514015,186.3578781419135,6,3709,74.30007709781938
16,3,83.81521835519244,0.414735826967471,484.9463824484371,3,4035,100.0
23,5,28.529033835731642,0.753865073836925,332.6537890596073,9,4719,48.00696449371313
5,6,42.91825933963569,0.8714684213765338,468.78911435838194,1,2253,79.97968214527579
18,0,26.777667548833417,0.6789784930380419,354.24726161645833,9,2008,39.50827044113766
1,5,78.91608465887315,0.411864740417496,188.2575328314742,4,3112,71.05522898097057
14,5,57.3349345635218,0.753594630745753,216.51103586426717,5,4328,100.0
10,6,65.88250701400705,0.20366713777268486,297.7122996963232,8,3122,54.691396289861665
7,0,25.230724983940654,0.3275521651801324,405.5066787019469,3,3583,47.84301575646871
18,5,22.02253013773151,0.5466852550992888,193.09214810315072,1,2820,78.48957330748563
12,3,48.83746289829387,0.5754093872861483,310.8790247603864,4,1870,66.81450067594884
11,3,73.75657490928268,0.022141475472629457,205.5312471093807,2,4213,78.88265773045858
4,3,52.523975752016014,0.9451141887560087,417.09623208579825,1,1877,84.6936436571262
5,0,3.2645677545668605,0.69662727121739,260.0276421955777,0,4312,75.80539895867881
21,5,86.85515063202888,0.49570375023189106,84.52527208379836,9,897,24.05956297199536
3,0,6.468689351513158,0.9331272344083084,124.72363466669137,1,3315,81.66984729334024
18,3,95.58244837207522,0.4390955652508285,77.49710042883453,5,3888,100.0
19,6,2.5141958277272725,0.9804355702703718,274.6863257064464,7,3076,46.60175726393446
0,5,69.44504561307087,0.5122847572434851,97.85178380670223,2,3837,86.06829138773277
19,5,8.220706371178165,0.11428576999797946,101.36298618933445,8,1811,3.709438751904071
16,4,91.06765794351396,0.7648009724592773,473.47171701726967,8,852,61.27522634626456
11,4,46.443323622554274,0.6788977250778405,442.69478247922495,1,2569,100.0
