hour,day_of_week,nearby_demand_score,total_ports,fast_charger_ports,historical_sessions,queue_minutes
6,6,59.02639388856225,16,9,80,0.0
19,0,43.32467489716556,10,5,189,26.535298551151435
14,1,98.4351407402904,9,9,133,22.309499469355405
10,5,14.958064266756576,7,7,390,11.737337017633688
7,5,46.459859663581014,5,3,302,35.57530327281902
20,4,68.04566263593253,8,1,294,64.79442138154408
6,5,39.55450838799687,5,4,204,19.29895247788885
18,2,97.46998518706899,13,1,408,80.05508036734106
22,6,72.18876279269351,14,1,237,27.306970391977508
10,3,65.69838575644931,4,5,440,60.409111571094385
10,4,75.70592676112233,13,9,439,30.356892010224588
23,2,95.2648638038717,3,8,445,63.10269161996523
20,2,90.78186529846401,3,3,284,67.44062720567184
3,0,72.42853081264118,10,5,470,49.64904467782914
7,5,74.9161639101283,2,6,115,22.798307367591896
23,1,14.592207403514546,9,5,30,0.0
2,1,10.279240449266569,7,7,73,0.0
21,4,57.09045018441643,7,3,174,17.614050432712094
20,6,1.836763694054,19,0,36,10.623857015084807
1,1,48.23563815515916,18,6,320,8.774514387521599
23,3,21.03495799188686,13,2,294,17.51931650666474
11,1,34.601656764483955,7,5,157,0.0
5,4,77.5804735792956,9,1,290,47.14650553920225
1,1,94.12375042323865,11,8,335,28.094337085598845
20,3,7.24162721463415,2,0,328,43.94233922133176
0,0,53.42422059764451,14,5,173,0.0
11,6,88.25334858196,18,5,395,38.824594323187796
21,4,8.250853444042129,4,4,415,23.64427833151226
11,0,82.45140468968339,9,4,233,39.867599013311775
16,0,35.78013509282714,15,0,281,19.01067199435616
9,0,32.209470221933536,4,9,155,11.518193760523944
15,2,97.74663863147858,17,4,462,41.67609820004068
14,6,20.085908986229416,14,1,447,30.039120692048705
14,5,69.31939408226809,18,6,365,22.89190139313769
18,6,82.14407280098665,14,2,39,21.10514221035815
11,2,4.118349527927167,7,3,54,5.0356666823657985
22,5,67.03854583544123,18,2,284,21.59999773285176
19,6,95.15499743553269,15,2,480,73.4401174179993
2,0,12.421996672805935,18,3,43,0.0
4,4,89.62213026850382,9,4,150,26.215517877005983
18,5,59.47766373769361,12,0,436,74.58789234777645
6,3,61.6604581862474,2,3,327,50.533643187911125
20,3,61.29441748656059,8,7,383,50.857858750937595
8,1,29.883588633731385,18,9,230,0.0
6,5,93.52018152994597,11,6,365,39.36082603386479
17,4,94.73504626310387,12,8,31,22.877447177801645
3,2,62.53046602139478,10,4,189,11.41735195293973
13,0,78.34227259416147,10,9,445,34.59506745755438
17,1,61.2257985881158,6,3,376,62.383036349419065
8,3,48.43984475740406,18,7,429,10.67678538790229
20,2,66.08201182992507,10,8,338,36.94553948988175
1,2,55.300145259195844,18,6,240,1.9790989054796153
19,0,59.74758626319301,8,6,412,55.53807191068556
14,5,78.3832553418862,10,4,47,15.564815398239752
6,3,48.09038314489848,8,3,79,2.016172529110106
11,4,4.075410609247276,14,9,125,0.0
7,2,16.399948098949725,12,0,248,14.973788358859554
14,0,43.860721648953835,15,9,344,4.473235937869362
2,4,72.48265598740583,12,9,450,23.377030736297606
13,5,59.32786483101788,14,6,157,1.7573995017610082
16,3,65.02941858734539,15,0,18,0.0
3,5,47.92789285762873,14,0,297,25.898620939116217
17,2,61.574202194224284,2,4,397,78.97593618084203
7,4,32.90174378146622,9,8,59,0.0
3,4,47.01825926966651,13,5,347,13.037514407375351
1,4,74.42790655949555,13,2,14,10.434102187612073
5,2,87.18327789731212,9,2,413,53.177631372607834
21,2,43.36553339563889,9,6,352,17.718991548394253
9,5,4.366165770736119,14,5,135,2.9822056879087633
3,1,16.167254414680265,13,8,84,0.0
21,5,2.08611392915381,17,5,174,0.0
17,3,65.32630192373301,2,4,287,64.08407951344168
11,0,33.23146253551089,14,9,451,8.82346168543825
1,4,54.24786357193675,8,6,333,27.758023767445387
9,1,49.32768467837996,6,0,486,59.56823094283978
3,0,8.15264895524267,9,6,309,1.8503055763447769
13,1,40.32613611238318,15,2,299,13.444404655692814
15,6,22.056112492232327,14,8,86,2.2890280496289237
14,5,41.83997886676527,16,5,307,2.135329307792751
7,2,20.35782803422427,18,8,146,0.0
13,4,84.04524062769335,16,4,115,4.572831351086603
22,5,17.419333657825366,19,6,104,0.0
7,0,96.0780551486977,19,3,144,11.384023256204625
20,6,41.59073661469408,3,6,77,13.925136056537074
15,6,84.62452920190493,5,0,156,49.20557034022941
12,6,62.876481820594506,2,6,499,60.40193978958556
17,0,73.53502986657526,5,7,487,73.38188360803049
14,0,76.77238880667802,19,4,168,3.030566555463521
20,0,50.48448818930178,6,1,393,66.58250832883468
23,0,54.33005233632884,16,4,172,3.1190140295327358
12,6,51.3995867808725,9,5,450,39.923662429594216
8,6,58.80583780900792,18,1,350,21.27465049049325
14,1,2.9394445756507293,2,5,198,3.0165396991813114
12,5,39.551516984901525,13,5,424,22.996459972724075
0,4,60.618871356117154,16,0,348,33.1453280125983
6,2,59.77235652558643,10,0,104,9.853789970937791
8,6,79.29560946056316,8,9,190,16.450252850148978
23,2,65.50093388321085,3,2,297,61.51312213859164
0,5,99.21333163406723,10,9,331,33.9064694732487
11,5,28.3854528608645,11,9,196,0.0
7,2,35.915102966623145,3,2,381,45.92429428186856
23,6,38.38471518677963,12,3,147,2.4542486457226764
10,2,46.581280702024856,14,1,139,12.154316178094499
18,1,83.59980637812095,11,8,203,24.81056240951603
16,3,23.579209395920987,15,9,325,3.656901262874962
7,6,77.60002070354295,19,6,481,33.85212065802879
2,6,40.53101830857434,10,6,282,9.754776469584446
2,4,60.18553836620085,8,5,361,36.88620577270888
0,0,63.25405332263061,4,2,153,38.07431406930709
4,3,37.28486371889345,7,5,25,4.361576900142252
9,5,51.26152052058052,3,7,311,24.015663699921618
6,6,41.3031174647697,7,7,432,32.95234966616228
8,2,6.913278618661945,4,8,254,0.0
6,3,43.71653888168265,17,0,424,30.622639930918908
8,4,9.739339255355217,9,0,116,0.3659849550084725
7,5,40.50207990803215,3,2,97,17.199825010024774
11,0,59.291839983178185,18,2,138,7.404457477124418
1,0,57.941489934350074,10,9,404,21.952155167928982
0,4,66.26212790083204,13,7,384,18.93333330850018
15,4,9.526150795462629,4,9,350,2.795426117882669
22,2,65.21232455304379,12,0,13,10.799635860574268
22,6,31.214805669644708,2,1,336,48.35347675630761
23,0,39.90459461371111,14,1,419,33.86777073159973
4,5,85.79862539227058,16,2,376,38.24663630240007
2,3,0.9030404129550251,6,5,315,17.377469789871967
11,5,58.84126333406054,18,0,405,35.24450822192018
7,1,59.87139801001076,7,1,104,29.712652695000454
21,1,39.665977634356196,12,0,218,16.874416649291955
2,4,23.702785710833616,19,4,234,2.666796223527247
0,2,23.46740382615511,5,6,468,34.73104443566958
2,1,88.37096696607526,4,7,357,56.976457041808914
4,0,44.20243737828575,14,9,489,21.28806021603401
14,5,33.08893629891719,10,0,330,33.90545314982349
13,5,44.877757383140306,7,6,56,0.0
2,4,66.93904014593613,13,4,485,41.11078986318776
0,6,14.57565682447517,3,9,190,1.6630375516209877
4,6,44.94338352137377,4,0,115,30.637332122392227
22,3,58.7884371110387,4,2,208,35.080615051636315
13,4,94.85833548514337,13,6,395,48.255027571143614
6,3,25.252778207541926,16,9,115,7.263083727430897
8,6,35.92507479162455,10,0,289,22.280932800445186
14,4,37.93585899224238,9,6,269,5.683325977139793
14,4,60.553815764488284,12,4,117,5.275032587717459
9,4,35.67320530400016,17,0,28,1.538063340945982
12,6,53.35119252996956,5,0,419,55.952761196149524
18,3,78.17903298450294,2,0,468,103.6505298865872
6,3,70.53855941122036,8,8,305,27.889614013202443
16,4,44.636864651258556,3,2,315,42.015667566832974
19,1,86.42161776741689,6,4,180,45.03126126436581
3,2,55.81402495938629,8,9,340,12.327933397555608
4,6,53.99058395022125,5,8,204,14.800338226519655
22,2,3.4187765939158177,6,5,21,0.0
6,2,98.66929803571615,2,8,204,46.79783606607843
12,3,12.297080852962672,2,7,499,30.257771204619736
14,3,23.11309124276466,16,7,292,16.215464847973667
10,1,5.169683724152696,11,0,378,29.924423115156902
3,2,64.00029668369137,19,8,191,0.0
12,2,22.470117697267998,4,5,459,33.60337383597743
6,4,18.001043747272348,12,8,314,4.9779075700101485
18,3,8.855558422324139,16,2,153,8.51586304959019
21,2,10.330895712401567,12,2,395,6.475302569020702
1,5,58.467070044258875,18,5,325,1.8016576953560044
9,1,68.82078658665954,18,8,191,0.0
12,5,39.7378988464401,7,6,39,2.913687915869322
20,5,47.989708159207325,6,2,93,32.779222032141654
5,6,68.59677359829841,9,2,175,33.14724407406845
11,6,1.7379790185479638,3,1,293,15.17050186744744
11,1,32.31306570702785,17,8,290,0.0
19,5,97.30977480703464,13,2,105,46.44495838002805
10,2,58.01122296954681,7,4,390,37.86463011994722
22,3,25.422457989749326,2,8,275,2.11878967293147
6,1,52.17300466362131,5,7,453,41.11182106160757
0,4,34.26534881209153,18,1,307,12.798552847139156
0,5,53.22449888262991,14,2,305,22.50196378070857
19,1,12.574151180664883,19,1,234,1.397833659419998
12,0,13.271465381927738,6,7,342,7.03892153023434
8,0,14.354236203939285,4,5,370,19.324204289965724
2,6,93.98197919268418,12,5,383,39.55075403664125
6,3,73.28989183413418,14,8,51,0.0
5,2,16.23818946623209,5,7,312,10.925494258185118
7,3,18.834908376560143,15,3,430,15.025846895162577
8,3,73.08294748708764,12,3,255,29.881772773377918
4,3,15.616384479217393,11,8,217,0.0
0,3,23.456129333482867,19,0,246,0.0
18,4,96.3346832820399,7,1,31,38.38201640880568
9,4,25.530652472843187,16,1,194,0.8923833194269487
11,6,66.16323503711467,11,5,477,50.92590605762518
23,1,97.86312874005304,6,3,251,45.660903709816
14,0,37.42967671397926,6,9,372,13.985199990400858
21,3,1.7515990862062236,11,2,292,3.7213334366537643
23,6,24.414729042237425,6,2,50,6.264213172137419
8,1,83.08771913417054,4,2,345,59.80273648558452
19,0,86.46088359550367,7,5,171,42.86919015142236
16,5,76.85193645237912,5,7,169,14.481352514109144
16,2,11.310981907657302,19,6,483,0.5171906465405319
19,4,79.55103716964031,10,3,98,45.785898785538876
11,5,91.86777969935042,18,3,331,35.42068215949858
6,0,60.06095425462361,14,9,21,0.0
1,5,94.08753563380648,16,1,433,56.95417937073817
2,2,82.68388837118775,18,0,82,13.486484165850866
16,6,66.69715169909072,14,8,85,0.0
4,0,57.718523671174815,17,1,355,31.47566141397593
16,5,34.85736672419705,5,7,210,8.557490977657297
23,4,15.928744524280514,6,8,19,0.08806625966828657
16,4,60.49539226905408,6,3,361,40.47086599813579
16,1,31.81115536181195,10,7,235,6.517539659673796
1,5,86.64386675276454,18,8,185,5.145447103047818
1,3,99.33369373586285,14,9,285,20.402242681094915
21,5,75.24277626155725,3,9,48,14.43051239918831
22,6,9.048169528705074,14,4,69,0.0
4,0,28.86855955306381,4,6,75,0.0
0,0,10.910963176574972,11,9,330,0.0
0,6,65.05116477917157,3,3,444,53.070239624145344
18,5,76.51908645557846,14,0,133,40.91725512988026
1,6,92.56748308807119,18,2,173,12.42801715234384
20,2,43.817234641198766,15,4,417,30.466398164270572
11,6,90.13756495884444,13,2,420,44.69084243402956
5,4,87.78911590413276,13,6,395,38.96420948811191
22,6,31.71957167653986,12,8,168,0.0
3,0,86.8900625540571,8,5,66,17.411550211096728
22,4,37.56722518817265,5,9,87,0.0
10,0,29.68692745602808,2,0,203,25.28229496083084
23,1,64.90746587943931,4,6,294,38.17558225745253
16,3,32.83812278850811,14,2,24,0.0
5,0,63.02087483291442,16,4,21,1.5817916076807237
23,4,60.98318054986945,3,9,110,4.06534684431361
4,1,56.34389273484588,12,3,165,12.577260081278352
19,0,38.04197042327977,5,9,349,38.437375398220205
1,2,54.849972165147676,18,4,134,2.9308290019639167
5,6,59.64854749854216,4,4,368,44.56220465818868
21,3,54.56868884954734,19,5,289,4.4703392765533065
10,0,44.441945275120155,9,9,414,17.417646764909023
15,1,1.466705704626381,6,9,403,2.072753775786834
15,2,58.706170770115094,8,5,119,8.625030124315028
0,5,16.844438514271964,9,7,343,2.9005432277090337
8,1,64.25759689471896,6,7,366,36.789265212730356
5,6,75.9344327922866,18,8,155,0.0
15,1,50.04453091307415,6,7,225,9.442871321587178
2,2,54.23636649797383,5,1,407,47.87547047983086
19,1,95.14785596659911,3,9,171,38.67257246078101
3,2,84.71673613725741,12,0,137,25.971954607526314
18,0,91.42365159514699,14,9,323,38.80913833159414
2,2,81.37662883195864,16,1,341,35.32437683851991
18,2,10.891834184673144,13,1,159,9.913989413492052
19,3,14.899185597019471,12,2,463,38.923161542272545
6,2,52.662379726895956,8,9,45,0.0
19,2,24.606965879799823,6,6,182,18.77836086100836
8,5,47.66954750411592,18,1,429,31.78876698001651
0,0,39.43653238183502,10,0,31,0.0
7,6,54.941423843045335,15,5,215,6.0716696359976225
6,3,74.68757161358226,13,8,136,0.0
17,5,71.54909070992744,7,2,345,65.76289723870539
7,4,52.12341324853343,18,5,454,14.139214589491896
0,0,82.23934188170581,17,2,365,28.654138678180015
10,0,43.08620915380333,13,0,449,38.52901862883683
17,4,89.67142898401224,13,4,226,43.817069760631945
22,6,7.12802700551639,7,9,105,0.0
9,2,95.46600300333074,5,3,426,65.41284871055257
2,5,65.46930814313482,7,6,438,42.535158760911735
6,1,38.00745089372053,12,5,173,1.34647376290367
15,3,19.715412657287736,2,9,157,0.0
15,1,47.91832294435999,16,6,27,0.912505152996067
19,4,19.4558323185301,12,4,303,15.677340156993882
16,0,16.633160774314216,19,3,204,5.858589573580798
1,6,61.73517574129742,18,6,160,0.0
0,0,52.30847245817847,15,6,489,29.492037714522834
15,3,67.00960346109417,19,5,374,23.8142571953469
11,0,92.96058774219892,16,7,132,9.084834334843942
4,0,53.226021333904015,16,3,409,25.500389531627864
4,3,58.09320532627977,5,9,196,9.005117429824992
22,5,8.962633915494212,8,4,462,27.861755212978387
8,5,71.76357859086295,14,3,461,37.866914669123105
8,3,39.99052068041562,4,0,158,22.944639038309592
2,6,97.67252386625789,17,7,113,3.1484731056703423
18,4,82.31740155956602,10,0,252,67.54696956734301
15,0,52.24810405161183,9,4,471,45.122890206010396
15,6,12.322265417216604,14,5,240,0.0
2,0,85.94157932805892,18,5,488,39.21925113710495
19,4,79.97810954240217,18,4,215,25.41743905071961
23,5,18.4585129537033,18,2,207,0.0
21,6,29.527828922031006,2,4,405,44.158362253799396
23,2,79.34072581478372,9,7,409,34.71164726107434
0,2,18.522844654740965,7,1,346,34.90532660604235
23,2,91.77524891713773,4,5,96,36.62877290949198
19,5,42.45274251963619,6,8,151,20.780679612836586
10,5,8.703896258765864,14,7,326,0.0
16,4,81.57486435042809,16,7,208,7.837728579818501
7,0,37.35096830383876,15,7,55,0.0
3,4,52.6499194153781,17,6,297,1.4016476723550344
5,4,11.230434441121917,19,7,24,2.4682742382157543
7,5,0.2584014844982385,12,5,53,6.480315308906981
19,2,63.79852057932977,4,1,410,71.36347620565262
2,1,51.51751703337316,11,1,178,16.73122883176025
15,0,59.35385691231472,11,7,319,17.82043235499475
2,5,79.37438503805163,17,0,53,4.008246508063385
17,2,64.66059134228601,13,5,107,19.98704187993501
13,6,17.477344282737718,3,5,270,11.118720482655814
17,1,36.07725191105998,10,3,118,14.861674199644872
1,1,90.58911047877604,4,9,292,37.234808379828635
21,5,76.9944700251679,16,2,381,34.65054248398558
2,3,55.663705793671724,4,2,352,48.99662796943309
15,0,25.56449978092723,19,0,113,0.0
8,1,30.206050183479505,9,2,265,15.743735680346425
3,5,73.19580675856345,18,3,388,26.755595270880015
0,5,85.11742608527709,9,4,215,35.65633639655332
3,2,67.14246695306144,8,2,344,54.23931981899215
0,6,80.95299757684418,8,5,52,15.375934952617731
13,3,76.6656135200406,4,4,362,59.51339783457594
20,0,14.970396795695773,2,2,254,30.934088772080575
15,4,42.3944812913302,5,5,296,26.586047842133947
19,6,15.298380082856266,6,5,364,26.5623484465728
23,6,23.52355848019848,2,7,282,7.57715460243974
7,2,86.92596246510526,16,1,485,53.266124195257454
6,1,47.289196563318214,6,0,92,26.804094953726974
2,1,53.53581018426608,14,3,119,6.417984235481268
16,2,17.844596522777213,9,6,447,18.837321871660606
0,5,31.2271786048796,9,9,199,0.0
15,1,23.024616842786994,6,2,480,40.53090516445381
11,3,20.61861645184264,10,2,297,15.51780827043
18,0,63.796079331597014,2,4,433,75.0757208136915
21,6,25.68838476457148,5,4,406,22.22522446488201
22,6,63.201548602041846,4,9,260,18.14918506092156
21,3,5.845461410855391,3,2,221,12.702341884684115
13,1,14.177439352710186,9,8,300,2.6814545475859495
5,6,27.45402540001254,10,3,142,0.0
5,4,59.70469168956917,3,2,210,38.04172596738529
12,0,67.5841245087376,15,1,294,30.907306103763567
18,0,44.27169667795271,15,9,335,17.883908281557424
21,6,44.579091457722896,5,8,418,33.55383365004864
7,2,72.45168513986181,7,3,104,26.53869916397493
1,6,1.582109176558244,12,2,287,0.0
20,2,34.10900244742206,4,6,459,42.4144905380945
0,6,81.87070571192328,9,7,438,43.77008907065465
14,4,60.321941021337224,4,1,334,57.56912963671141
0,5,33.722713275542034,15,6,228,6.967272637622157
4,0,90.55247923296739,14,4,98,18.628985127972616
15,6,77.26227274493826,14,4,81,8.877840486477801
18,4,26.48954472367334,3,2,256,43.7429706037665
3,2,64.52898375257169,14,4,138,3.28389814248194
2,2,59.57507281889567,7,1,221,34.23723494167973
16,0,40.11879140389827,17,3,437,29.104743331080794
16,3,36.695607920480064,3,5,352,27.83501393128065
11,6,34.35604747757039,9,0,105,17.75191769233445
13,1,61.71557833956468,18,9,84,0.0
20,2,44.24099364806695,3,3,432,71.94765736950887
5,5,83.1863113251422,11,5,63,3.8590806150834123
2,5,66.96026161339618,17,8,353,13.709651812521342
8,2,6.993160570943413,7,1,468,29.612729605733602
4,3,64.01682238281661,3,6,422,43.13207523178738
23,3,27.11474365001848,3,5,63,1.0926702120547285
16,4,59.28119916534227,14,1,227,26.387958525650983
13,5,68.01319311034514,16,7,25,0.0
20,4,23.08291891540121,3,6,108,5.846379655408599
2,5,45.68586448803686,8,4,29,0.0
0,6,19.03248628190678,4,4,55,0.0
19,6,5.233887578650831,9,6,460,30.35854192709791
20,1,37.84764234858691,15,8,202,4.871794031115895
22,6,36.2944271845992,8,8,392,17.050137685937134
0,1,99.5480490704257,8,8,67,25.75154110918417
2,6,44.63523511976422,2,5,446,49.03879128255856
17,0,33.35695494722004,18,9,120,0.0
9,6,58.047500671667464,10,5,138,0.0
21,4,8.876739410776846,14,2,346,3.7250721038075874
2,2,96.16657359548132,18,0,203,30.701352070684987
7,4,63.49600455910331,11,6,422,38.74952626095901
13,2,75.48378199408478,11,3,349,43.95430911737667
23,3,17.047793817391753,5,0,335,26.127051300532788
17,4,40.94778530052039,9,7,17,0.8612719320551875
14,3,42.26891133961895,19,5,38,3.357655858645267
21,1,82.18064439010868,15,5,121,15.830478991993505
22,1,0.12366797594094425,19,1,444,7.899353825040776
1,0,30.085310835325508,15,0,170,5.846888689220147
9,6,98.12363743443039,16,1,140,28.362248690291015
1,4,47.488654350621864,5,3,197,26.38588720242818
16,3,38.25262802440083,14,1,172,11.573838515731207
7,2,11.982900201764634,9,0,206,1.9275631134840712
0,1,97.41646286280155,19,6,484,39.361034795316
8,6,2.002635592582447,13,7,373,0.0
10,1,73.71802250072432,15,5,213,15.054776843992776
21,2,76.85998047885084,3,3,221,51.68110111767936
15,6,24.365671606386663,19,5,118,0.0
6,6,67.15584436130374,3,2,285,38.12640034330468
9,3,9.292914437938993,12,7,82,0.0
22,3,25.704726643207987,10,9,176,4.567368660087033
2,4,78.7901988292265,13,1,269,39.983248929362645
17,4,86.46861920335402,18,4,252,37.5752408407299
23,5,60.84864126597913,16,0,284,25.42435412361717
12,5,50.683843182048264,18,5,111,0.0
6,0,15.93040206189803,19,1,484,17.94167263907136
3,1,6.310903307915017,7,3,182,0.0
12,4,11.764902847355863,18,5,180,10.920483666902282
19,3,22.735730009609878,19,9,150,2.85253604177258
0,2,34.16745018969208,9,7,406,15.780483582076284
7,3,38.090952551098724,10,7,197,0.0
13,1,34.63217685890035,7,5,450,32.85136739638224
15,5,23.90553321972656,6,3,95,0.0
13,3,50.97242467516981,13,7,485,32.570381215234676
11,0,82.52861082328968,12,7,61,3.296386260365074
18,1,27.970353847147923,2,9,120,6.327018229031319
22,5,94.23870191022331,12,0,446,77.17155438089057
14,2,87.33366617238478,10,3,374,52.3133747437935
1,5,16.176421135210962,3,3,351,32.032408947449966
1,6,78.62759567570944,13,6,52,0.0
22,0,57.458738231776664,5,6,220,24.54494725461095
21,1,56.65753621714186,5,7,465,45.3843180642869
18,2,39.10427630581744,19,4,209,0.0
21,0,50.115299918200975,16,6,307,15.834025511403691
21,5,39.717877742921104,14,7,355,12.812161176073287
16,0,53.97326187599428,18,8,249,0.0
19,1,62.795005277263584,7,2,124,33.28615393635251
9,4,67.43038064090484,17,2,35,1.73780806901776
5,0,53.24811925594262,13,3,416,33.6575481250433
14,6,72.14220673287318,6,4,308,44.64944810925273
21,0,14.12780492755058,18,9,86,0.9578869809704481
10,5,21.198249090223854,2,0,421,51.230329491641555
4,5,81.87350040742702,11,6,146,22.77327870067254
0,2,32.252797784641515,16,8,29,2.8405160256432307
7,5,2.2893824976120247,12,7,449,0.0
20,3,15.379114966803108,14,4,220,11.502371746963814
11,1,22.361443449631125,6,3,249,23.283794542257
11,1,95.73228878945872,2,6,48,46.426428067289784
4,4,57.30414289308493,13,4,444,29.43460128034448
6,4,93.27307404762549,12,6,277,33.550947089564126
3,1,57.516335049662494,18,0,216,3.9476740088863096
5,6,47.93544401378518,5,0,488,65.53346778878864
12,4,31.372769119409604,16,9,448,0.0
19,2,60.63709444333756,10,2,471,76.03577619579355
14,5,13.919802461752983,13,1,276,1.6868263807835815
2,1,89.82616272927059,6,1,163,37.767166174798994
22,4,82.93324051412837,11,6,51,4.210301553551589
7,1,31.753144787673705,18,9,420,0.0
19,3,95.27975276012943,6,1,20,53.395373652601265
15,0,82.5200767415568,17,3,303,18.234623139496797
12,5,66.63068858350397,8,1,107,25.15763219766778
17,1,12.17619111252748,10,5,436,19.299036456982755
9,0,47.823402304807225,4,7,284,21.710212129720404
18,4,50.61075548467508,16,9,457,35.22226852136021
16,0,23.25513583653801,17,3,399,10.33080737544799
23,5,7.9965394359301945,19,4,439,0.0
18,1,77.67236304716927,15,3,381,52.780164078889214
22,3,12.203505212439502,4,2,239,16.091836966441985
4,6,59.429075056177474,13,4,378,31.877689257305768
20,4,93.64491738836605,10,8,435,54.488166877778895
22,1,87.61051925980425,8,7,229,32.668095999138785
8,5,27.775262374926115,10,7,74,0.0
11,4,85.14486375512654,14,7,364,26.823009115744213
20,2,0.03325061204894064,19,7,241,0.0
0,0,1.7687809613257222,6,6,337,7.751024611019053
0,6,60.255316384286495,14,7,452,26.440812455527592
14,5,36.47982191445295,5,7,61,0.0
1,2,38.64608411591471,3,7,383,25.698076428872287
21,1,56.44410906788825,17,9,440,12.215454581681152
15,3,19.17824555918606,10,6,385,9.693786070270244
7,4,21.175535066547834,10,0,272,14.89214698509519
12,0,48.46015870188647,7,3,276,26.42591040338334
20,4,75.4253544343863,12,3,368,59.9935172029896
0,6,61.94977514075877,2,4,326,44.98642470603332
15,1,29.73550482368389,5,9,333,10.72729619169658
6,4,43.03371775089212,14,5,418,31.16654181584878
4,0,17.06647585499984,14,3,405,4.914824743080303
21,1,7.462981433708171,14,1,163,0.0
22,4,78.26960407441493,3,5,367,58.7527503612005
2,3,26.53874091881946,10,7,375,6.376155152939212
11,5,17.77663878512482,9,7,149,0.0
15,1,69.16180555693194,8,6,436,40.275120887810395
18,5,61.8051674287186,5,5,60,25.60358301052173
4,1,63.318962601346406,19,1,126,11.252171861154908
21,3,22.889460484661363,4,6,430,32.455372535421276
13,5,23.2645538562681,7,4,55,4.311117559434885
4,2,22.080262978563916,13,5,318,0.0
14,0,17.375259566229452,13,9,97,0.0
16,2,65.57236725616563,9,7,217,1.2907903306556854
13,4,84.80158852494014,2,7,386,51.95389015705629
19,3,72.43174696766613,5,2,278,67.79938941576135
4,2,79.20936337605433,12,6,98,9.989414266769023
11,1,40.479842908519984,4,0,390,50.132355139499374
15,4,65.40757953719981,14,0,127,17.292288350009642
15,4,35.42362404447745,18,6,63,0.0
20,2,52.550462196864004,11,9,450,38.29902551044092
6,2,48.163484653486236,13,8,125,3.829391397403074
3,3,17.68871451438544,16,6,127,0.0
0,0,38.70787603356308,11,9,269,1.4982384391867407
4,2,96.3822275482351,15,4,84,19.25328812889088
22,6,24.85802577149421,14,7,489,10.253511440930264
9,2,13.380373627948872,6,1,314,26.593689874577358
21,5,41.85806216239353,7,8,16,14.073272222362764
4,1,79.03377358601482,3,5,375,55.49517282807295
3,6,58.21482297799723,18,8,131,1.966535250026618
1,6,68.09748272382446,5,1,20,19.35845594360527
19,5,18.96948481746772,15,2,357,25.090998221744112
9,5,61.894819300772156,11,7,447,34.9487677752976
18,4,32.35003949114738,4,0,498,73.94923144692439
0,0,83.43033659547675,4,9,224,24.016691699194094
23,1,62.92988060107362,16,6,438,26.29674915716406
4,3,19.885627777529592,7,6,288,14.053793582352984
12,6,6.4616679844086145,18,0,37,2.2431788225726366
3,3,4.263320928703274,13,8,244,4.809935945359205
15,2,37.14085676501407,12,7,376,9.985368532443902
23,2,26.585113665431347,5,3,322,30.24205802983423
15,3,64.60901234625081,7,9,35,1.3963391910826297
22,2,49.933383497861826,2,4,418,46.01213810049477
1,0,26.60192780053807,17,1,63,1.5926050239943723
16,5,14.923777795017612,16,8,38,0.0
19,2,12.71997626874496,18,5,476,14.79558675994852
23,4,86.46603921404177,9,2,362,56.379661143482764
11,2,24.347796840486723,13,6,173,1.4862213669006201
17,1,65.17106479109684,11,8,279,23.53937007016277
2,0,81.06859279862663,16,2,343,42.104225255227696
0,1,61.408131118473605,10,1,44,14.964096950739165
0,1,85.95652316469457,3,6,295,44.95461940429287
18,4,39.23937215284745,6,6,357,32.63176209417785
10,0,95.62221906489484,7,3,282,52.286586637040266
4,0,13.314500417809693,8,8,460,10.427531639599048
11,0,10.21495296575381,2,7,217,2.3731787681420218
2,0,65.86921462074436,8,0,247,39.81902400459435
0,0,94.28311414132618,13,0,423,53.40427276693805
0,4,80.8883461636328,17,4,102,2.7024383903106126
7,2,7.641685943805143,17,5,182,0.0
9,1,27.936771393471638,12,2,88,3.1683051238702937
10,0,93.03188848378237,5,8,119,20.924945868835934
11,6,25.305843280078456,14,9,226,8.39337336686283
12,2,78.11704237869192,8,5,444,42.900318436087176
11,2,82.51321959287039,5,3,367,65.51244728544833
13,1,49.54521034609818,16,6,115,0.0
1,4,38.63489098483155,10,7,56,4.297924361717781
18,3,45.012443241975966,12,8,190,8.905229041281652
17,3,22.696469436536415,9,5,73,6.346012398395552
2,2,88.93909161288443,2,5,255,49.03273598367816
22,5,45.06196567297579,9,7,253,3.3378807105988297
16,5,88.24594404560997,14,4,431,54.3254934591603
7,1,10.56934799062741,5,2,329,21.617270765902997
9,3,98.82752710001313,9,2,96,36.12155591812762
1,2,44.32730874436183,4,5,226,27.93741394240489
18,4,4.783082039410546,10,1,499,39.131764809233104
8,3,3.8021848237454914,3,5,16,2.9774544881962868
6,2,74.62072574818386,3,5,287,42.06088909177747
3,2,65.90355342036808,14,7,346,17.890929931962184
20,0,80.21305581275875,16,6,219,27.36792273330082
17,4,10.536753395280595,13,7,178,0.0
12,0,3.557086703554835,5,8,339,0.0
10,1,50.857928944757845,9,5,147,13.884328934444621
23,0,38.759523148276955,10,2,450,42.810717517062464
3,6,46.19469366709558,6,9,400,23.784148946911614
20,0,99.1588408870274,19,2,390,60.795037736078164
3,6,97.07499576706702,12,0,315,54.56628535535123
9,3,94.23153896731928,16,4,239,33.79868641279955
4,5,78.38426767676738,10,3,484,57.59037094941287
8,2,35.48413602568904,18,8,317,1.1592104606742402
23,6,41.21309302627716,13,8,170,5.730150720710325
2,4,54.96160437189245,8,4,10,0.0
16,0,83.05344564048399,11,9,245,24.820668742726454
2,6,6.871283251826776,11,3,446,9.383334577196507
15,4,42.429688588488816,14,6,197,8.148210655563993
3,5,8.261766345926869,12,5,427,5.967505253203566
17,5,51.46575865735116,14,3,13,3.8193855895491717
16,0,89.89008240062354,9,9,410,31.494990344397063
6,1,78.24849245639379,9,1,141,29.950272641308434
23,0,22.784241754310997,5,0,436,39.793088222021076
22,3,97.59908495987925,16,3,227,27.461310753072272
4,6,66.73503980464284,12,3,269,26.580965073377026
11,2,1.0427699397403067,12,0,10,4.788958072364528
16,1,25.541348468521953,2,5,80,2.8086909912641054
22,0,26.071329991991654,18,3,487,18.274048263001404
12,4,6.9254306285859935,16,0,187,0.0
22,1,95.9826518075929,7,0,466,76.1875554557828
2,6,47.825529457592374,16,0,198,20.706389820552747
8,1,89.5814597371882,10,7,300,30.114724694777866
16,6,32.221550344462834,15,9,17,8.281041260286479
16,0,12.523357043282711,19,7,262,0.0
19,6,47.43361099062139,18,1,417,41.42824517602822
15,1,11.395663471431716,19,6,476,5.351825801149649
21,4,48.601550297753995,6,7,301,27.760237258570285
12,5,92.02971812194077,10,7,443,48.76079625957495
18,1,52.07681418342127,12,9,253,13.397191824102942
16,6,61.649972689508346,2,6,132,21.74538410214311
3,5,15.66384369738083,19,4,308,1.6897876411605914
11,6,4.373562587996949,7,0,292,21.843299728347255
8,4,11.080796217980705,3,8,41,0.021149294970757883
18,6,59.853157568436565,16,6,343,32.32101027433406
11,0,9.501169899230465,15,1,386,18.542383610969935
8,2,37.59928899413114,6,5,155,9.206192558389494
6,1,55.009194045815605,7,1,165,28.562861302931694
13,2,38.8652798629847,7,0,422,40.03808580604201
19,6,16.36838014653015,19,6,25,0.0
18,4,27.379130751410653,15,1,364,34.03144402185617
14,1,92.8317532848577,11,1,56,26.54175548602449
15,6,67.59822755863554,15,4,260,15.225200404744061
20,5,49.60478386798866,14,4,196,20.620042954926053
4,3,1.2714889986893518,4,6,40,0.0
2,6,99.24154004894702,7,0,269,68.159671277643
11,2,67.14549348946433,9,7,430,38.00330108602706
19,1,31.692247734494494,13,2,26,0.0
20,2,87.92686599978381,14,3,48,31.714264194688347
3,1,25.84316202918181,12,8,313,0.0
20,6,54.40165791827516,13,3,439,53.733512377499125
22,0,63.607076372982505,2,9,483,46.716484655527246
15,5,22.106337145372844,18,4,441,3.9040341451992435
6,6,97.83972788005958,17,6,48,2.140705090958277
12,2,74.81919059789975,12,3,498,54.2737385166683
20,3,55.781322551106996,14,0,141,31.389796452387664
9,3,18.059459817530087,19,8,39,0.0
6,4,5.385820699802613,12,3,167,0.0
13,1,32.005983252098346,13,8,287,0.0
4,2,75.31873359134028,7,5,212,33.82845913138922
2,4,26.933129830202507,10,0,75,0.0
22,2,53.95562204955051,17,2,117,0.0
10,1,72.79471767307432,5,1,277,56.02924136606684
10,6,10.794371464646435,4,8,231,0.0
17,6,68.52980161158733,17,0,301,37.65088471457917
14,3,9.18708877100447,13,8,27,0.0
11,6,96.51297421269966,12,8,99,7.735617350106144
8,6,48.839413006493956,6,7,190,5.588474904480708
9,0,15.067610770987738,19,7,264,0.0
11,3,34.23836360335465,7,0,464,51.97671003791125
16,4,41.34164492952615,19,7,262,0.0
5,5,75.81850110765373,7,9,266,25.04415591725805
6,0,74.34237860766093,5,2,392,69.43822779640759
13,4,61.194050533733105,13,6,451,29.982630959078726
12,1,10.593071255849296,3,0,355,36.188278801147995
7,0,15.15693715876736,18,0,96,0.0
9,4,9.375692064555663,12,9,99,0.0
8,1,57.71727832875501,12,4,246,14.534100897288653
17,3,87.71384415114039,17,4,399,50.363129217961756
1,5,43.38005122547718,3,7,79,4.387404600474221
4,1,16.08481739577462,3,6,53,11.745378933503787
4,6,55.804232514896704,9,7,209,6.221899076069152
5,2,81.17522168657099,14,5,161,11.604484315208186
18,1,74.171206151293,11,5,95,24.269988010090263
7,1,88.14507796750213,9,1,28,27.8515332272998
15,5,27.790209724886783,5,5,110,1.3177540597739248
12,2,19.395386726777485,16,4,411,13.218172333129331
0,6,87.98164859419387,2,2,104,32.258863944420895
21,4,65.75603127780231,12,5,263,8.243366287922795
19,4,31.092893000755417,8,7,366,27.66705564032696
16,1,74.23480505725092,18,8,39,5.486500937718544
6,2,81.51183844803678,19,0,258,20.727679065990415
12,2,61.497824034113236,13,2,435,27.21075031858784
3,6,68.78841098799151,10,2,42,15.450102525091802
3,5,37.52599044426663,6,7,467,33.68128134064689
5,3,53.86956673430391,11,0,238,23.283741333154808
18,4,52.415917072616224,5,4,21,16.380260532703463
11,5,84.80477911307719,6,2,127,32.25367095836523
21,0,83.99639802821825,11,1,359,53.45087560147883
6,4,83.26804693470432,12,7,164,9.902447086437121
9,5,1.1031614262465794,11,2,432,18.221900308000887
18,4,74.95454844688882,9,6,402,42.40414090892246
6,3,75.86763901110048,3,0,255,53.14956017991124
2,0,67.83788228551418,9,5,414,36.68867133820184
12,3,75.62646578914526,17,2,341,30.63152950271017
12,6,84.19703714967088,6,7,256,32.008279782384754
17,0,47.03190541017857,4,5,38,23.305171604568116
19,1,50.20502134884472,13,1,170,18.805826816122075
7,5,12.471405691139047,14,5,244,0.22745738165376
8,0,38.53758830473618,14,6,199,2.7916821160585275
6,6,64.33651799117843,11,4,126,20.05149617839899
0,6,78.03997761472745,5,2,280,48.61115895189634
2,3,21.720909769121054,10,3,267,10.182747906323113
12,4,13.78228991592354,3,3,189,1.7718309951499478
16,0,66.30420045004922,2,5,496,51.792319203459485
23,5,0.18798835249106416,8,9,382,4.2238718789085
0,0,17.837258430732984,18,0,181,0.0
5,2,2.9071380343953734,4,3,447,35.0461324661898
20,4,16.688511785487094,4,9,283,9.777241447894799
5,5,18.131927992550523,4,3,268,21.465474693919024
11,5,38.76735947503942,18,9,144,9.344089202719266
12,1,40.2327124686556,8,0,180,24.214884276114127
12,3,87.42624706102377,15,8,219,12.996031058467128
14,1,51.010971249882516,18,3,245,5.048266029063007
20,5,72.34047656122863,19,6,431,30.415830994984745
15,4,10.413735792028744,14,2,430,20.984732574566113
21,0,22.543875546369385,19,9,195,0.0
20,0,70.29434409786768,5,2,426,79.26958833084892
10,4,5.280396046852809,2,7,373,7.125026490570144
4,5,48.65976622437531,19,7,452,4.63258478964876
3,6,59.936896566293385,2,0,104,43.543885279257864
2,0,60.214564405248105,14,9,387,12.070770757834836
18,6,2.293281126804203,11,1,20,7.266377380212723
19,0,32.21080042291855,12,7,77,0.0
17,0,63.6490651049154,10,0,388,56.41504368766842
14,3,14.899973614924345,10,7,219,4.460337998658603
8,3,69.54156483280532,6,7,205,19.32132082762462
16,2,74.59252088136745,2,1,378,71.58970450826894
13,1,98.19691904461453,18,3,107,14.924513860007679
14,4,20.984199485640943,3,5,102,0.0
0,4,82.51306676661152,14,8,481,38.178007210158604
20,4,52.0296576918654,10,7,31,14.095944556696699
21,2,37.34625961441734,5,7,459,36.03806209978097
21,3,12.237675732517793,6,6,181,0.0
2,5,73.55056064875376,12,8,392,33.35199733416137
15,6,23.585759914368708,4,1,143,16.146222283199908
22,6,37.142200187304574,13,2,435,31.11877124496626
10,5,6.254222689736844,14,9,34,0.0
11,2,80.13669158195191,8,7,194,23.63758591992395
9,5,76.65885239716434,16,5,94,5.906643280666891
15,4,73.36158300423125,8,9,64,0.0
7,1,29.94435104918867,9,8,260,7.122479106234739
5,0,17.348007426595725,6,9,153,0.0
11,6,63.75532644702297,15,3,360,24.438815665818787
23,3,49.616638411321944,5,7,407,39.49647959026219
20,3,17.82524669046416,11,9,176,0.0
7,2,68.59112710498637,16,2,421,42.19313798992373
3,3,99.11264318213037,19,2,233,27.397528429772496
7,4,74.72195877420377,14,7,229,10.961848669452365
17,6,73.99863866856118,9,4,188,43.26712035595205
4,5,95.03127529305917,10,2,128,35.77012293447961
8,4,20.29363675749022,17,9,442,0.0
3,2,56.55499649214404,17,0,274,16.07127954560006
21,4,97.96467150338835,8,2,451,76.72938567564825
16,5,16.529411097017455,15,8,438,0.0
8,1,70.02519594445211,15,4,159,6.293941458368943
0,2,58.5810145971902,5,9,425,27.99763722230773
20,1,58.647909218870694,16,1,462,50.12527300305611
19,0,69.76706275200752,4,6,224,36.17453817619403
12,1,92.96169228756843,6,1,206,51.57444255027655
15,0,78.2581939851338,2,3,51,28.236909089661665
12,0,5.613610341621,4,6,62,0.0
13,1,85.27280198757113,16,3,489,50.19578386794581
2,2,22.554132992573262,9,6,452,22.296919650550322
5,5,37.6914164736372,5,6,339,35.211697897868326
17,4,46.17328136123822,3,0,260,50.527223582803046
18,4,48.090600075306966,11,5,304,38.24220525415609
4,5,43.51803992553568,5,8,387,31.3245277678432
14,6,93.73532942158644,4,1,280,59.97220101390972
1,6,70.60190076640247,3,2,464,70.7171301561314
9,0,63.117064595670634,18,9,422,8.47036605114724
23,0,4.984202778294156,14,4,132,0.9284429020936946
17,2,90.39133302603747,6,8,376,69.3413215800415
12,3,90.93901920083962,10,3,396,59.09754076357638
4,1,78.02130634301024,7,0,348,62.35369503767233
22,0,0.7029203813619156,6,3,275,4.6999135909077445
23,4,5.728025107762336,11,5,357,0.0
0,2,22.522370226848977,9,4,38,0.0
21,1,13.134940814490669,8,0,472,43.800511181564914
0,2,39.88360297037295,8,3,44,0.0
17,1,92.26230580877896,7,5,15,28.355706063506005
14,1,47.206043419699824,4,9,405,29.734360391020253
16,5,1.340262643216561,16,9,120,0.0
10,0,28.274568957876202,5,3,303,21.474667243362042
20,2,4.459490837296154,13,8,86,0.0
21,2,3.6287622613502157,7,4,358,4.786294109724366
16,5,27.571985309555224,5,7,156,0.0
12,4,27.56123386789454,16,8,76,3.517139583936544
0,4,78.7126602601604,10,9,401,25.919481218925384
1,6,97.4834652781112,6,4,17,18.452371966581413
8,0,37.12070938899983,14,5,131,0.0
2,0,42.88868788610386,19,0,349,22.004121455601155
0,3,84.47894362860214,6,6,184,29.654862774316626
20,5,26.813902009551338,17,3,397,22.78404561419758
15,4,15.638180440344795,15,1,188,0.22179398757803526
22,1,85.30896234036504,17,4,94,0.0
5,2,4.650058644006549,16,2,460,12.798557590878437
16,0,61.96994401994157,5,5,54,13.302147166989009
4,2,56.199284746680675,8,7,145,3.5531000028617314
4,2,34.59204475016943,17,6,352,5.525644934066804
5,3,31.5189521097359,9,2,25,0.0
2,4,77.18577261816213,18,7,342,21.432431275348915
20,0,8.642461076254648,17,1,204,3.493698866103582
22,2,23.67843093113854,11,9,18,0.0
4,0,73.24487318380898,11,8,325,23.02306841506293
20,1,54.83205837264242,3,3,343,61.179705357266506
4,3,12.798820853358638,10,0,342,26.700824908767906
9,1,88.213561428206,18,7,336,15.323385076747936
9,0,39.34478465635915,12,6,24,0.0
18,6,82.78683753221728,11,4,336,61.17493322647105
16,0,78.77130155277086,18,9,111,0.0
20,4,62.4425446471728,5,4,235,52.223937710244364
13,2,49.448113129509295,17,6,434,24.6212364797982
8,2,97.95508403817568,16,4,287,31.66856688437967
13,1,14.496507237981703,6,7,417,19.35506525186738
0,3,72.51557275511148,7,5,122,13.68932497085645
18,6,19.1190701464789,18,4,494,29.733201563578504
12,5,33.82631053323484,2,8,437,33.610275196551264
12,2,30.869874337319526,5,1,10,5.800128579460841
3,4,94.7035987738723,18,0,275,35.623939026759174
0,1,96.73561777882752,10,7,217,20.762391811577892
16,1,18.301544423472716,3,2,119,11.567032535483882
7,5,2.2035160297504186,9,6,209,0.0
1,4,72.00080396631131,16,9,449,20.313649521942985
7,3,41.798993387048434,8,7,378,26.405406025624075
6,4,8.884024508756438,7,5,482,24.601500933743402
1,3,68.37541055770426,2,9,315,44.429418502801184
21,4,54.51055282606997,16,8,21,5.125545762908867
21,4,98.0516822001106,8,6,354,47.15634915842741
2,0,22.740949586137894,18,9,474,0.13656689925719334
17,1,40.397787632654826,3,4,197,36.66204030360524
11,4,54.254580339542294,10,7,163,0.0
0,5,79.16999884533517,10,1,377,49.58300484024583
21,4,54.88386567200587,14,6,343,12.938128301103637
11,2,61.29001608619492,7,3,434,40.86390552881778
4,1,22.614705158994074,7,8,429,16.444819920755254
16,2,84.69187280885599,4,0,386,71.7005771811628
15,1,42.86305469704757,18,6,288,0.0
14,2,14.095962752176927,18,5,180,2.0210643263866603
22,4,66.41879145054173,13,7,143,4.088759448725661
14,4,21.60904531853075,17,4,462,12.13969505358982
4,0,9.756251023929973,16,0,436,14.857784635920138
20,5,86.19869084042723,14,0,34,36.45655617897289
13,2,46.016226448843966,2,8,27,3.4011018023834554
1,3,74.92837126957764,18,9,199,1.537017848598442
10,0,29.05875598063551,4,5,150,2.4063167381439508
18,2,78.69701349176663,16,9,52,1.931510573439219
6,2,11.193592702153033,5,4,343,23.874199605203913
5,0,35.597337379485275,5,0,293,34.11552339668399
1,4,97.80618179735285,19,5,155,21.89278759433858
5,2,79.39897163680061,18,5,324,18.471331148473375
17,4,49.72559303146882,12,2,453,55.324831582435095
1,0,33.97774715618851,4,7,328,17.42644559806257
17,4,87.21357000224765,9,0,450,86.72313918072513
14,1,54.48477590845157,15,0,101,0.0
18,3,75.84250178691111,2,5,188,49.99104189937196
1,6,75.4107680316164,15,9,65,0.0
19,2,1.794567856849183,3,0,164,26.973975667886048
5,5,12.625378279261346,5,5,169,4.972236877544537
0,3,65.96293663947422,7,0,120,34.21149925530987
23,6,16.161981128587144,2,5,146,0.0
14,4,25.54933446556047,18,2,241,10.210348264639402
22,2,94.66379541996072,9,7,489,58.7082974130847
9,4,56.01822583749119,2,5,477,52.8266172162806
18,1,75.07295069993472,6,0,229,64.22211494492207
16,0,55.798073878263985,17,4,490,31.77998605164545
4,2,55.25136147827252,7,7,77,0.0
3,6,9.41519101256979,9,2,311,12.797178842995276
9,6,34.3663192609103,14,5,258,0.0
23,1,28.24308986865117,17,4,491,15.199734970875472
16,1,39.07283656136132,4,5,332,26.305022601905243
9,2,79.83441882243282,13,9,419,21.65385296251816
16,4,37.19326679168648,17,0,401,25.42581574692016
19,5,45.16968192316827,12,6,15,2.9264971825816906
23,6,39.73813904853165,11,8,473,23.743487504647696
4,6,9.340797197529561,5,1,289,24.670024861940952
1,1,44.10721582507837,13,9,441,14.775308962613527
5,3,19.560927304451504,3,4,496,38.71683616114124
20,1,18.672329577304147,6,9,103,4.198319322155944
1,5,9.403610443426636,9,3,438,14.71421752250365
12,4,35.667097414176475,8,5,278,10.130191794525837
10,4,75.74818847894174,15,5,206,8.65309388235465
10,3,27.644169058339607,4,1,34,11.622364824866356
15,6,31.234910188551357,19,1,157,4.713942570700378
10,1,64.26746576724236,17,3,127,4.270259068846155
18,4,19.58408125869189,19,0,347,26.851689955404936
14,5,89.69579304235343,17,8,376,20.051482609116775
22,2,52.01905232515544,9,6,347,26.452501761882626
22,0,44.7602940320217,2,6,75,7.254274874095028
15,0,55.78201919292014,18,2,467,36.82542011588464
10,0,16.603431341619547,13,2,310,6.725594508048783
21,6,61.34731386391763,12,0,379,42.6489424899084
15,1,36.31007366340104,6,2,184,21.259579424505468
7,3,89.7186340964619,13,2,328,50.04016288418711
3,4,16.885420667768614,18,3,85,0.0
7,2,50.705110386544106,7,3,470,49.047176836510175
3,5,59.8112629369018,2,2,123,26.91342830024264
23,2,3.3383601786381223,6,9,120,0.0
2,5,36.369312475614024,15,7,258,1.002298157068645
2,6,73.26352347008329,6,7,448,51.47628851631481
17,1,82.03775074489734,2,0,212,74.5292094178823
18,0,31.316199481728233,19,6,156,0.0
18,1,79.85932723827513,17,1,44,20.57541646875519
20,6,96.77558771033888,10,0,496,81.89605505491403
4,3,85.6873936075094,6,2,318,63.492202342025635
17,3,11.76439881593252,3,3,35,3.9519264973758297
9,6,73.97303320855406,16,5,247,20.963534651576513
21,5,31.966683244054472,8,9,23,4.7293482184207285
20,4,98.84159894120765,5,4,383,76.21784770792351
5,4,48.53589831598871,2,3,54,11.004024401655633
0,5,12.243389835894103,14,7,437,2.573545999878747
4,3,72.51855480273908,8,3,225,29.537657215454182
8,3,32.30111983862138,16,9,242,0.5124232107910377
11,3,99.70781570816617,15,1,202,34.6397699000485
13,1,97.97824578545219,19,2,60,2.0833308203979275
1,3,65.61340180205806,11,5,436,28.254360805406748
16,2,12.982644895171758,10,7,384,5.024743690058871
13,0,68.68609976750291,9,7,223,14.835261152098333
12,3,9.30304864600272,11,8,160,0.0
8,5,2.9364159102392318,18,6,449,3.4793191954689267
14,0,82.2958446221486,3,1,284,66.41513369423653
21,1,20.975294768368137,7,7,347,8.824923777375028
14,5,37.90271262190974,6,6,85,0.0
23,0,97.34573899761732,10,7,448,54.97358466437808
10,5,33.684050186110326,6,2,229,14.957347244557285
15,1,29.648978128331528,19,6,357,1.115765273738485
16,2,91.82079996227752,10,9,453,46.96982984024953
3,1,11.074844531895812,18,8,196,3.401151042088146
0,1,75.95824101146317,18,2,298,16.09535699321926
7,5,98.8065566652774,13,9,412,33.79650198359399
16,6,90.12960107746488,8,5,37,13.373484274615112
2,4,65.1667918706426,4,1,388,60.88283070736737
19,3,31.406079499273197,11,1,189,27.00676264847652
14,3,25.43219811783167,3,4,262,28.399651096145746
14,2,81.92551048714611,4,4,135,31.98792784173269
23,2,87.98219139516952,17,6,186,8.103233206038693
21,3,52.54349125456928,3,1,46,27.620105721678378
13,4,24.433994078646613,11,6,419,15.599881731974834
22,3,11.294320841117356,7,4,108,6.338257555939869
13,6,8.717946783183116,12,5,107,1.4436400150491815
23,4,71.90774473538556,8,7,136,6.7682892741264284
1,2,42.0118727847725,16,9,492,4.540294618497216
12,0,90.53598742778703,7,3,177,32.210432468598874
13,5,73.96713007267637,10,6,89,11.193824210130549
23,6,19.12604179145867,13,5,303,5.94298411543504
18,6,61.377741881569904,4,9,342,54.13568164771686
6,2,43.550545439815934,16,1,135,4.490799381524168
2,2,57.72497307686131,3,7,352,42.87667942610559
14,1,73.80691233385171,3,9,319,32.90337450365743
22,6,80.61958810037908,4,8,159,18.427714966470255
13,1,84.37373264067243,7,4,25,22.93726298242398
10,1,25.397487457202473,16,9,37,2.088403761197003
14,5,3.1115599917357684,11,3,428,13.893001867572353
12,1,73.92947351647732,10,5,453,49.201594161403605
17,4,10.634372625577459,2,7,182,15.13311372507976
5,3,31.491958861296766,17,2,55,6.419084299267807
2,0,0.38171341243471435,7,9,337,6.4749279240847795
18,2,68.166948240162,10,0,245,56.30457588178274
14,4,16.713201147122124,5,3,448,38.3856149363757
22,0,65.52824096916582,3,3,223,42.63443324670679
4,6,99.17426171678389,5,0,94,46.681282198218845
9,6,7.267087161001628,2,8,291,8.516366955066514
6,6,7.707801195146069,11,2,241,0.0
16,4,34.03800926666749,16,4,94,5.269457761479416
6,4,86.6386514251342,17,5,418,30.14671101373693
21,2,21.552986879133186,5,7,498,31.005509873540262
11,3,36.037781993034756,3,5,74,0.19312120438658198
16,1,6.8505406626979575,14,2,143,2.7669449153721337
12,6,76.31552912588894,2,5,160,34.988138433304925
19,5,40.83063427594511,18,0,124,3.841537347155894
3,3,75.92487330608428,14,3,73,10.365934808134538
9,5,90.3607844346795,5,5,352,52.490788333176205
2,2,23.276314710128876,8,6,436,25.643890959131284
8,2,80.73960303399514,18,9,372,14.576429960669609
12,2,5.909389007825327,10,2,416,20.531799430852853
17,0,89.88473881802473,5,8,361,57.254524633936306
14,5,65.07685475587473,2,6,167,24.29176622080056
3,3,87.42267241383516,11,0,86,28.018143026412158
14,3,0.018839955658189744,5,1,155,6.792932379041874
21,4,16.90810703559925,10,0,352,32.04093895682707
1,4,38.975938742649205,14,8,472,10.662110612610231
14,6,37.950290337471856,15,8,234,5.384240723288402
7,4,22.673038292351066,11,6,414,1.888132057547029
7,2,38.16119398672001,7,9,322,4.30964998789856
16,3,12.884871200025483,17,2,112,0.0
11,5,41.27611292660261,7,4,416,29.475513016097693
18,2,80.23543291592642,18,3,356,37.799774509025305
9,0,47.90700631033512,11,6,310,17.018497715856547
8,4,1.8000088945214987,19,8,437,0.0
4,2,42.14440415792474,19,1,475,29.46922906698791
5,2,2.717501609084416,4,7,97,3.4523634306075652
19,0,96.62434107067982,16,8,380,46.64025550120257
1,1,12.745395942286898,16,9,312,3.2888158807518684
23,3,70.76883263306188,5,9,177,15.736754885319588
12,5,97.27763228920858,10,8,444,43.103849203075576
5,6,82.60390516665719,18,9,179,5.289070904103981
4,1,69.93153751262037,12,6,144,4.420208092404547
0,4,83.9460909500767,10,8,59,0.0
20,2,98.17986932606276,11,8,441,61.30034528400939
21,0,62.13444972535296,19,2,349,17.40317026619391
20,0,55.918480682932646,14,3,356,39.47208843151916
5,3,62.82381104632814,9,1,143,26.432175130981403
5,1,53.2675886761555,8,9,356,20.975503034308385
22,6,63.50891059097188,18,2,146,0.0
15,3,44.98422079725592,16,4,254,1.45358353388424
3,2,21.84431828833071,16,4,118,5.371665023851219
10,3,12.024722651167563,2,5,322,21.69436191425349
23,5,6.834093553226039,15,6,296,10.375325196742708
22,0,26.331578375320007,6,6,30,5.900640868707638
8,0,4.6123564335733835,12,0,99,5.7214653427996955
22,4,56.71707799193856,17,1,305,14.919196243690273
2,4,28.382844702352028,3,8,121,3.819301758167113
18,6,82.45348080870322,9,9,310,41.96120639586705
7,2,7.424087298838645,12,1,86,0.0
4,5,22.635149434148595,19,5,186,0.8400767026626426
3,1,73.02461470901459,4,0,352,68.4383650275647
23,3,59.88082963834914,2,2,157,38.14457277419563
5,6,6.449127124916753,12,1,110,0.0
1,2,87.72394571622004,17,2,255,33.07426742607312
19,4,87.72617628261796,19,4,126,18.27515043092916
10,3,33.040800387577384,17,9,101,1.083415594821431
3,4,34.04058433495647,11,5,410,19.503541830092562
14,3,98.90283583501738,19,8,37,0.0
5,1,62.61761715931382,7,9,434,37.540023454859465
21,2,53.13165205680591,5,3,459,48.26485742932347
16,3,83.81521835519244,14,6,34,9.725975371384665
23,5,28.529033835731642,15,5,67,0.0
5,6,42.91825933963569,4,1,306,38.07079125354356
18,0,26.777667548833417,11,9,143,1.851059449708705
1,5,78.91608465887315,7,7,340,41.37961316161313
14,5,57.3349345635218,2,6,258,31.96508867890238
10,6,65.88250701400705,15,6,47,0.0
7,0,25.230724983940654,9,7,399,15.568112918608419
18,5,22.02253013773151,15,0,438,38.65591768157736
12,3,48.83746289829387,11,0,84,17.784637738821466
11,3,73.75657490928268,18,7,151,4.196745571158011
4,3,52.523975752016014,10,3,331,34.72610963103618
5,0,3.2645677545668605,7,4,177,0.0
21,5,86.85515063202888,12,7,268,24.830633193985925
3,0,6.468689351513158,8,4,382,11.932014932153066
18,3,95.58244837207522,18,9,364,31.163217307590273
19,6,2.5141958277272725,2,3,234,28.457918833592473
0,5,69.44504561307087,6,5,161,21.134294017636357
19,5,8.220706371178165,10,4,28,3.2770191492511853
16,4,91.06765794351396,19,6,155,0.0
11,4,46.443323622554274,3,9,457,44.51686487548625
